AB1,57.1269,-2.13645
AB2,57.1713,-2.14152
AB3,57.0876,-2.59624
AB4,57.5343,-2.12713
AB5,57.4651,-2.64764
AB9,57.1466,-2.1142
AB10,57.1349,-2.11742
AB11,57.1372,-2.09353
AB12,57.1034,-2.10978
AB13,57.1123,-2.24166
AB14,57.1034,-2.27296
AB15,57.1386,-2.16782
AB16,57.1594,-2.15661
AB21,57.2069,-2.19976
AB22,57.1866,-2.12029
AB23,57.2078,-2.08928
AB24,57.1634,-2.10827
AB25,57.1536,-2.11443
AB30,56.8453,-2.47719
AB31,57.0669,-2.50469
AB32,57.1544,-2.31439
AB33,57.2261,-2.7365
AB34,57.0926,-2.80981
AB35,57.039,-3.14387
AB36,57.1962,-3.07251
AB37,57.33,-3.3534
AB38,57.4851,-3.22751
AB39,56.9802,-2.21507
AB41,57.3717,-2.11717
AB42,57.5016,-1.88867
AB43,57.6578,-2.04472
AB44,57.6682,-2.49294
AB45,57.6522,-2.56699
AB51,57.288,-2.40435
AB52,57.3423,-2.60244
AB53,57.5344,-2.40743
AB54,57.4656,-2.75622
AB55,57.5325,-2.97547
AB56,57.6735,-2.91947
AB99,57.1113,-2.094
AL1,51.7486,-0.319417
AL2,51.7223,-0.331026
AL3,51.7754,-0.366645
AL4,51.7713,-0.295904
AL5,51.8146,-0.351482
AL6,51.8299,-0.199366
AL7,51.7988,-0.189518
AL8,51.8034,-0.210334
AL9,51.7469,-0.201676
AL10,51.7609,-0.231132
B1,52.4796,-1.9078
B2,52.4863,-1.89732
B3,52.4823,-1.90295
B4,52.4838,-1.89367
B5,52.4721,-1.89686
B6,52.5024,-1.88694
B7,52.4938,-1.87438
B8,52.49,-1.84278
B9,52.4781,-1.85279
B10,52.4701,-1.8533
B11,52.4554,-1.85977
B12,52.4612,-1.88268
B13,52.4348,-1.88285
B14,52.4188,-1.89029
B15,52.468,-1.9234
B16,52.4754,-1.93217
B17,52.4615,-1.96293
B18,52.4915,-1.92213
B19,52.4963,-1.90607
B20,52.5134,-1.91878
B21,52.5051,-1.93623
B22,52.4117,-1.92882
B23,52.5276,-1.85142
B24,52.5197,-1.8288
B25,52.461,-1.82677
B26,52.4607,-1.79267
B27,52.4458,-1.82378
B28,52.4281,-1.84313
B29,52.4378,-1.94526
B30,52.4211,-1.92812
B31,52.4091,-1.97346
B32,52.4513,-1.99451
B33,52.4809,-1.78797
B34,52.4957,-1.78168
B35,52.5171,-1.78992
B36,52.5045,-1.78012
B37,52.4784,-1.74178
B38,52.4011,-1.9339
B40,52.4585,-1.72457
B42,52.5345,-1.90377
B43,52.5476,-1.92824
B44,52.545,-1.88564
B45,52.3885,-2.00812
B46,52.5071,-1.6976
B47,52.3887,-1.8811
B48,52.3569,-1.9516
B49,52.2174,-1.86778
B50,52.1696,-1.85656
B60,52.3239,-2.05051
B61,52.3443,-2.06789
B62,52.46,-2.03765
B63,52.4531,-2.06743
B64,52.4725,-2.06894
B65,52.4828,-2.04342
B66,52.4937,-1.96585
B67,52.488,-1.97707
B68,52.4801,-2.0018
B69,52.5029,-2.02495
B70,52.5198,-2.0026
B71,52.5348,-1.99019
B72,52.5544,-1.82356
B73,52.5592,-1.83761
B74,52.5824,-1.85721
B75,52.5777,-1.81095
B76,52.5448,-1.7895
B77,52.6204,-1.6714
B78,52.6074,-1.67617
B79,52.6481,-1.68115
B80,52.2777,-1.89703
B90,52.4007,-1.82566
B91,52.414,-1.78078
B92,52.4353,-1.77346
B93,52.3832,-1.74202
B94,52.3528,-1.79148
B95,52.2872,-1.78051
B96,52.2548,-1.95944
B97,52.3037,-1.94931
B98,52.3037,-1.91582
B99,52.4959,-1.89425
BA1,51.3888,-2.36016
BA2,51.362,-2.37618
BA3,51.2853,-2.44968
BA4,51.1747,-2.53339
BA5,51.2116,-2.65508
BA6,51.1433,-2.7094
BA7,51.0897,-2.51929
BA8,51.0003,-2.41107
BA9,51.0576,-2.41023
BA10,51.1123,-2.44746
BA11,51.237,-2.3264
BA12,51.1749,-2.18787
BA13,51.2631,-2.18517
BA14,51.319,-2.20327
BA15,51.3483,-2.26208
BA16,51.1265,-2.74328
BA20,50.939,-2.64274
BA21,50.9511,-2.63392
BA22,50.9692,-2.63817
BB0,53.7535,-2.46423
BB1,53.7553,-2.46576
BB2,53.7416,-2.49801
BB3,53.6978,-2.46593
BB4,53.7035,-2.29099
BB5,53.7545,-2.37229
BB6,53.8036,-2.41544
BB7,53.8717,-2.3892
BB8,53.879,-2.16811
BB9,53.837,-2.21595
BB10,53.7994,-2.2213
BB11,53.7848,-2.2507
BB12,53.802,-2.28888
BB18,53.9151,-2.1725
BB94,53.9155,-2.14016
BD1,53.7973,-1.75432
BD2,53.8142,-1.73566
BD3,53.7979,-1.72997
BD4,53.7767,-1.72158
BD5,53.7795,-1.75829
BD6,53.7649,-1.78449
BD7,53.7843,-1.78106
BD8,53.8014,-1.78067
BD9,53.8116,-1.78846
BD10,53.8311,-1.72647
BD11,53.7502,-1.67779
BD12,53.7479,-1.76238
BD13,53.788,-1.85545
BD14,53.7832,-1.81792
BD15,53.8081,-1.83518
BD16,53.8469,-1.83114
BD17,53.8451,-1.76897
BD18,53.8297,-1.77615
BD19,53.7266,-1.71439
BD20,53.896,-1.94667
BD21,53.8646,-1.90846
BD22,53.8468,-1.95231
BD23,53.9885,-2.05205
BD24,54.0768,-2.28157
BD97,53.8265,-1.79674
BD98,53.817,-1.76545
BD99,53.7946,-1.75879
BH1,50.7253,-1.86303
BH2,50.7219,-1.88133
BH3,50.7355,-1.88022
BH4,50.7217,-1.90057
BH5,50.7257,-1.83704
BH6,50.7277,-1.80922
BH7,50.7345,-1.83414
BH8,50.7397,-1.85393
BH9,50.7498,-1.87481
BH10,50.7591,-1.89323
BH11,50.7612,-1.92076
BH12,50.738,-1.92462
BH13,50.7105,-1.91844
BH14,50.7223,-1.94568
BH15,50.7207,-1.9849
BH16,50.7384,-2.04439
BH17,50.7458,-1.97346
BH18,50.757,-1.99157
BH19,50.6115,-1.96992
BH20,50.6878,-2.14453
BH21,50.8175,-1.96508
BH22,50.806,-1.88911
BH23,50.7453,-1.7588
BH24,50.8462,-1.78783
BH25,50.7523,-1.65856
BH31,50.8753,-1.86976
BL0,53.6435,-2.31609
BL1,53.5889,-2.44058
BL2,53.5877,-2.3978
BL3,53.5661,-2.43192
BL4,53.5476,-2.40419
BL5,53.5509,-2.51699
BL6,53.5911,-2.54011
BL7,53.6281,-2.423
BL8,53.6016,-2.32324
BL9,53.5923,-2.2889
BL11,53.5723,-2.42538
BL78,53.5615,-2.40861
BN1,50.8373,-0.139946
BN2,50.8246,-0.107966
BN3,50.8344,-0.175361
BN4,50.8493,-0.256346
BN5,50.9239,-0.267897
BN6,50.9297,-0.15224
BN7,50.8784,0.00325035
BN8,50.9127,0.0507471
BN9,50.7952,0.0272981
BN10,50.7957,0.00213502
BN11,50.8137,-0.37543
BN12,50.8142,-0.426868
BN13,50.8304,-0.406692
BN14,50.8307,-0.380173
BN15,50.8301,-0.324837
BN16,50.8162,-0.497725
BN17,50.8154,-0.537157
BN18,50.8471,-0.583516
BN20,50.7741,0.25486
BN21,50.772,0.274821
BN22,50.7881,0.283238
BN23,50.7985,0.312713
BN24,50.8154,0.324472
BN25,50.7759,0.107441
BN26,50.8215,0.225532
BN27,50.8707,0.262787
BN41,50.8388,-0.214917
BN42,50.8367,-0.232048
BN43,50.8353,-0.268212
BN44,50.8928,-0.31865
BN45,50.8885,-0.183606
BN50,50.8261,-0.140753
BN51,50.8048,-0.058645
BN52,50.8339,-0.168039
BN88,50.8269,-0.140568
BN95,50.8232,-0.330024
BN99,50.8225,-0.350085
BR1,51.4107,0.0194591
BR2,51.3904,0.021637
BR3,51.4033,-0.031901
BR4,51.3756,-0.00998037
BR5,51.3892,0.102518
BR6,51.3678,0.092835
BR7,51.4118,0.0587545
BR8,51.3976,0.174972
BS0,51.3439,-2.95703
BS1,51.4539,-2.59214
BS2,51.459,-2.58098
BS3,51.4386,-2.60343
BS4,51.4364,-2.56461
BS5,51.4622,-2.55288
BS6,51.4701,-2.59809
BS7,51.4868,-2.58121
BS8,51.4574,-2.61935
BS9,51.4885,-2.62519
BS10,51.5062,-2.61176
BS11,51.4988,-2.67841
BS12,51.5555,-2.55897
BS13,51.412,-2.61141
BS14,51.4131,-2.56373
BS15,51.4549,-2.49633
BS16,51.4856,-2.51239
BS17,51.5289,-2.44224
BS18,51.3675,-2.58386
BS19,51.4075,-2.76988
BS20,51.4806,-2.75718
BS21,51.4363,-2.85133
BS22,51.3606,-2.92826
BS23,51.3435,-2.96923
BS24,51.3317,-2.92419
BS25,51.321,-2.82645
BS26,51.2804,-2.85043
BS27,51.2729,-2.77326
BS28,51.2272,-2.81527
BS29,51.3322,-2.87706
BS30,51.4464,-2.4753
BS31,51.4098,-2.49338
BS32,51.5415,-2.56105
BS34,51.5249,-2.56709
BS35,51.5976,-2.54727
BS36,51.5261,-2.48794
BS37,51.5412,-2.41875
BS39,51.3281,-2.53284
BS40,51.3471,-2.69389
BS41,51.4236,-2.65472
BS48,51.4265,-2.74982
BS49,51.3828,-2.81616
BS77,51.4387,-2.60153
BS80,51.5035,-2.61308
BS98,51.4594,-2.58461
BS99,51.4578,-2.57537
BT1,54.5995,-5.92844
BT2,54.5934,-5.93069
BT3,54.6179,-5.90576
BT4,54.6027,-5.86826
BT5,54.5886,-5.87388
BT6,54.5808,-5.89838
BT7,54.5833,-5.92495
BT8,54.5448,-5.90794
BT9,54.5723,-5.95011
BT10,54.5599,-5.98672
BT11,54.5764,-5.99815
BT12,54.5924,-5.95637
BT13,54.6057,-5.95839
BT14,54.6211,-5.96239
BT15,54.6219,-5.93167
BT16,54.5908,-5.79796
BT17,54.5532,-6.01976
BT18,54.6404,-5.8238
BT19,54.6507,-5.65779
BT20,54.659,-5.66556
BT21,54.6413,-5.54781
BT22,54.5039,-5.51529
BT23,54.5717,-5.70744
BT24,54.4178,-5.87192
BT25,54.3964,-6.11508
BT26,54.4543,-6.06517
BT27,54.509,-6.02465
BT28,54.522,-6.08419
BT29,54.6208,-6.19757
BT30,54.3335,-5.70301
BT31,54.2762,-5.96815
BT32,54.3362,-6.24738
BT33,54.2235,-5.89069
BT34,54.1532,-6.18173
BT35,54.165,-6.43877
BT36,54.6781,-5.95977
BT37,54.6763,-5.90854
BT38,54.7289,-5.80085
BT39,54.7448,-6.01901
BT40,54.8467,-5.82291
BT41,54.7309,-6.25171
BT42,54.8548,-6.27698
BT43,54.8895,-6.26669
BT44,54.973,-6.28448
BT45,54.7596,-6.63846
BT46,54.8654,-6.66306
BT47,54.9803,-7.23125
BT48,55.0091,-7.32747
BT49,55.0472,-6.95186
BT51,55.0609,-6.68257
BT52,55.1335,-6.65596
BT53,55.0849,-6.47762
BT54,55.2049,-6.25633
BT55,55.1795,-6.7096
BT56,55.1974,-6.65054
BT57,55.2035,-6.51916
BT60,54.2928,-6.64768
BT61,54.3668,-6.62629
BT62,54.4129,-6.46474
BT63,54.4084,-6.39204
BT64,54.4492,-6.38879
BT65,54.4449,-6.36615
BT66,54.4553,-6.33323
BT67,54.4866,-6.26936
BT68,54.3642,-6.84798
BT69,54.4201,-6.94989
BT70,54.5146,-6.88074
BT71,54.5125,-6.70584
BT74,54.3447,-7.66313
BT75,54.3736,-7.31556
BT76,54.4204,-7.1925
BT77,54.4292,-7.12037
BT78,54.5724,-7.37177
BT79,54.6222,-7.20477
BT80,54.6458,-6.74334
BT81,54.6961,-7.61193
BT82,54.8263,-7.43172
BT92,54.224,-7.46633
BT93,54.4677,-7.82621
BT94,54.3765,-7.53657
BT99,54.6027,-5.92249
CA1,54.8872,-2.91872
CA2,54.8847,-2.95071
CA3,54.9062,-2.93997
CA4,54.8569,-2.82137
CA5,54.8213,-3.20932
CA6,54.9868,-2.86927
CA7,54.8085,-3.23519
CA8,54.9396,-2.68889
CA9,54.8014,-2.41742
CA10,54.6154,-2.66315
CA11,54.6649,-2.7816
CA12,54.6024,-3.13452
CA13,54.6606,-3.36771
CA14,54.6352,-3.53965
CA15,54.7118,-3.48206
CA16,54.5739,-2.485
CA17,54.4795,-2.35046
CA18,54.3546,-3.39043
CA19,54.3872,-3.3868
CA20,54.41,-3.46296
CA21,54.4453,-3.51653
CA22,54.4802,-3.53222
CA23,54.5138,-3.49509
CA24,54.5147,-3.54326
CA25,54.5221,-3.51967
CA26,54.5444,-3.48547
CA27,54.4909,-3.59307
CA28,54.5434,-3.57974
CA95,54.6448,-3.56641
CA99,54.8908,-2.94383
CB1,52.1847,0.166881
CB2,52.1719,0.129514
CB3,52.2144,0.035324
CB4,52.2437,0.117694
CB5,52.2339,0.200534
CB6,52.4047,0.225821
CB7,52.3666,0.315833
CB8,52.2336,0.421369
CB9,52.0833,0.43958
CB10,52.0289,0.257009
CB11,52.0014,0.213993
CB21,52.1307,0.278994
CB22,52.1338,0.136476
CB23,52.2168,-0.0244811
CB24,52.2763,0.0825049
CB25,52.2577,0.246209
CF1,51.4764,-3.18195
CF2,51.4979,-3.16239
CF3,51.5182,-3.11864
CF4,51.5221,-3.21916
CF5,51.4832,-3.24199
CF6,51.4174,-3.26764
CF7,51.5072,-3.41851
CF8,51.6297,-3.23571
CF10,51.4737,-3.17727
CF11,51.4708,-3.19289
CF14,51.5204,-3.20188
CF15,51.5334,-3.27071
CF23,51.5132,-3.14437
CF24,51.4848,-3.16636
CF30,51.5196,-3.11957
CF31,51.5077,-3.5754
CF32,51.5575,-3.583
CF33,51.5244,-3.68719
CF34,51.6107,-3.65263
CF35,51.5213,-3.52802
CF36,51.4839,-3.69984
CF37,51.6013,-3.33445
CF38,51.5609,-3.33351
CF39,51.6013,-3.4269
CF40,51.6205,-3.45294
CF41,51.6478,-3.48274
CF42,51.6667,-3.52216
CF43,51.6571,-3.45063
CF44,51.717,-3.45665
CF45,51.67,-3.36274
CF46,51.6639,-3.30143
CF47,51.7505,-3.37545
CF48,51.7427,-3.37067
CF61,51.4095,-3.48093
CF62,51.4042,-3.30934
CF63,51.4103,-3.26065
CF64,51.4342,-3.18835
CF71,51.4567,-3.46547
CF72,51.53,-3.4016
CF81,51.6997,-3.24375
CF82,51.649,-3.23708
CF83,51.5855,-3.2207
CF91,51.4656,-3.19393
CF95,51.4812,-3.17105
CF99,51.4641,-3.16183
CH1,53.1995,-2.9002
CH2,53.2159,-2.87061
CH3,53.1677,-2.82543
CH4,53.1693,-2.93788
CH5,53.2052,-3.03806
CH6,53.249,-3.14404
CH7,53.1695,-3.13411
CH8,53.2823,-3.24162
CH25,53.397,-3.01177
CH26,53.3657,-3.06591
CH27,53.4212,-3.04231
CH28,53.4005,-3.11194
CH29,53.3903,-3.17941
CH30,53.379,-3.09844
CH31,53.3297,-3.09886
CH32,53.362,-2.99763
CH33,53.2906,-3.06264
CH34,53.2831,-2.90934
CH41,53.3948,-3.03093
CH42,53.3751,-3.02184
CH43,53.3829,-3.06015
CH44,53.4156,-3.03724
CH45,53.4283,-3.05075
CH46,53.404,-3.11095
CH47,53.3959,-3.1702
CH48,53.3726,-3.17091
CH49,53.3809,-3.10329
CH60,53.327,-3.09644
CH61,53.3475,-3.10175
CH62,53.3359,-2.98221
CH63,53.3458,-3.01144
CH64,53.2884,-3.04909
CH65,53.2784,-2.9025
CH66,53.2782,-2.93661
CH70,53.1927,-2.92254
CH88,53.178,-2.89583
CH99,53.1872,-2.88946
CM0,51.6588,0.83112
CM1,51.746,0.467205
CM2,51.7237,0.485004
CM3,51.716,0.586877
CM4,51.6748,0.387934
CM5,51.7184,0.247778
CM6,51.8782,0.375658
CM7,51.8862,0.547931
CM8,51.8056,0.638429
CM9,51.7392,0.694851
CM11,51.6238,0.443196
CM12,51.6267,0.414946
CM13,51.6152,0.334608
CM14,51.619,0.295878
CM15,51.6414,0.304053
CM16,51.7004,0.118642
CM17,51.7733,0.141008
CM18,51.7567,0.104721
CM19,51.7614,0.0743065
CM20,51.7744,0.0999958
CM21,51.8121,0.147996
CM22,51.8664,0.218179
CM23,51.8711,0.158667
CM24,51.8978,0.206599
CM77,51.8669,0.553661
CM92,51.7694,0.06128
CM98,51.7521,0.518473
CM99,51.7399,0.493573
CO1,51.8759,0.878598
CO2,51.871,0.895177
CO3,51.8854,0.857844
CO4,51.9071,0.920199
CO5,51.8142,0.820806
CO6,51.9324,0.792677
CO7,51.8808,1.00352
CO8,51.9734,0.767062
CO9,51.9673,0.611519
CO10,52.0541,0.726849
CO11,51.9424,1.07509
CO12,51.9322,1.25555
CO13,51.8384,1.23755
CO14,51.8503,1.26754
CO15,51.797,1.15542
CO16,51.8201,1.12656
CR0,51.3733,-0.0787672
CR2,51.346,-0.0957291
CR3,51.2975,-0.0963363
CR4,51.4026,-0.145409
CR5,51.3135,-0.141307
CR6,51.3028,-0.0578281
CR7,51.3923,-0.103828
CR8,51.3366,-0.111228
CR9,51.3748,-0.0950319
CR44,51.3823,-0.132871
CR90,51.3776,-0.108892
CT1,51.2789,1.08673
CT2,51.2925,1.08235
CT3,51.2766,1.20641
CT4,51.2277,1.06797
CT5,51.3542,1.03472
CT6,51.364,1.1285
CT7,51.3713,1.30173
CT8,51.3805,1.34029
CT9,51.3835,1.38801
CT10,51.3629,1.42908
CT11,51.3365,1.41238
CT12,51.3434,1.3695
CT13,51.2686,1.33049
CT14,51.2175,1.38711
CT15,51.1713,1.28384
CT16,51.1397,1.30149
CT17,51.1287,1.29542
CT18,51.1128,1.15001
CT19,51.0884,1.16835
CT20,51.0796,1.16497
CT21,51.0727,1.07737
CT50,51.0792,1.14406
CV1,52.4089,-1.50731
CV2,52.4234,-1.46766
CV3,52.3934,-1.48164
CV4,52.3992,-1.55689
CV5,52.4121,-1.54874
CV6,52.4313,-1.5066
CV7,52.4429,-1.55786
CV8,52.3512,-1.54769
CV9,52.5849,-1.55922
CV10,52.5257,-1.49972
CV11,52.5207,-1.45604
CV12,52.4771,-1.47359
CV13,52.6077,-1.41737
CV21,52.3713,-1.27047
CV22,52.3575,-1.28248
CV23,52.3513,-1.29398
CV31,52.2802,-1.52706
CV32,52.2957,-1.5318
CV33,52.2364,-1.44851
CV34,52.2837,-1.5836
CV35,52.2321,-1.59546
CV36,52.0706,-1.62993
CV37,52.1861,-1.71577
CV47,52.2364,-1.38743
CW1,53.0998,-2.43051
CW2,53.081,-2.44575
CW3,53.0035,-2.41014
CW4,53.204,-2.34089
CW5,53.0636,-2.5225
CW6,53.1613,-2.66703
CW7,53.1909,-2.5271
CW8,53.2538,-2.55934
CW9,53.2598,-2.50404
CW10,53.1889,-2.44867
CW11,53.1433,-2.36527
CW12,53.1668,-2.21637
CW98,53.0882,-2.43111
DA1,51.4471,0.209469
DA2,51.4335,0.232289
DA3,51.3859,0.306398
DA4,51.3928,0.230949
DA5,51.441,0.147714
DA6,51.4561,0.139216
DA7,51.465,0.143067
DA8,51.4761,0.17976
DA9,51.4479,0.279919
DA10,51.4421,0.299569
DA11,51.4354,0.351533
DA12,51.4311,0.383646
DA13,51.3861,0.354059
DA14,51.4258,0.110559
DA15,51.4398,0.0990031
DA16,51.4645,0.10902
DA17,51.4864,0.150904
DA18,51.4915,0.145784
DD1,56.4618,-2.97733
DD2,56.4712,-3.02793
DD3,56.482,-2.98949
DD4,56.482,-2.9355
DD5,56.4798,-2.86334
DD6,56.4365,-2.92829
DD7,56.5026,-2.72069
DD8,56.6556,-2.92223
DD9,56.7479,-2.66659
DD10,56.746,-2.43014
DD11,56.5722,-2.5975
DE1,52.9189,-1.47255
DE2,52.9132,-1.44087
DE3,52.9154,-1.50948
DE4,53.1432,-1.58436
DE5,53.0565,-1.42541
DE6,52.9631,-1.66891
DE7,52.9405,-1.34279
DE11,52.773,-1.5567
DE12,52.7271,-1.55355
DE13,52.8075,-1.68821
DE14,52.8072,-1.63924
DE15,52.7982,-1.6115
DE21,52.9325,-1.43513
DE22,52.9331,-1.49792
DE23,52.8994,-1.49996
DE24,52.89,-1.45311
DE45,53.2142,-1.67756
DE55,53.0997,-1.37254
DE56,53.0216,-1.47736
DE65,52.8668,-1.62376
DE72,52.8939,-1.36686
DE73,52.8498,-1.43829
DE74,52.8465,-1.33867
DE75,53.0119,-1.35303
DE99,52.9152,-1.46414
DG1,55.0734,-3.58568
DG2,55.0653,-3.65696
DG3,55.2369,-3.79834
DG4,55.3752,-3.95491
DG5,54.9215,-3.81299
DG6,54.8372,-4.05554
DG7,54.9665,-4.00806
DG8,54.875,-4.51422
DG9,54.8785,-5.02303
DG10,55.3214,-3.43942
DG11,55.1145,-3.34073
DG12,54.9897,-3.25061
DG13,55.1745,-3.03223
DG14,55.0801,-2.98759
DG16,54.9969,-3.06857
DH1,54.7827,-1.56186
DH2,54.8599,-1.59849
DH3,54.8698,-1.56894
DH4,54.8526,-1.49013
DH5,54.8245,-1.45588
DH6,54.7531,-1.46551
DH7,54.7896,-1.6614
DH8,54.8532,-1.83238
DH9,54.8679,-1.71096
DH97,54.7863,-1.55528
DH98,54.8873,-1.58842
DH99,54.7879,-1.55031
DL1,54.5283,-1.54133
DL2,54.5282,-1.59028
DL3,54.5311,-1.56907
DL4,54.6308,-1.64564
DL5,54.6162,-1.57707
DL6,54.3675,-1.39552
DL7,54.3369,-1.47872
DL8,54.2945,-1.78221
DL9,54.3762,-1.71033
DL10,54.4132,-1.70006
DL11,54.4391,-1.87118
DL12,54.5701,-1.98073
DL13,54.7168,-1.95154
DL14,54.6534,-1.68997
DL15,54.7097,-1.72914
DL16,54.699,-1.60383
DL17,54.6809,-1.5432
DL98,54.5275,-1.55971
DN1,53.5204,-1.11904
DN2,53.533,-1.10421
DN3,53.5438,-1.06439
DN4,53.506,-1.12217
DN5,53.5368,-1.17121
DN6,53.5948,-1.17707
DN7,53.58,-1.01721
DN8,53.6145,-0.956615
DN9,53.5054,-0.906115
DN10,53.4264,-0.940382
DN11,53.4492,-1.08334
DN12,53.4832,-1.22364
DN14,53.7079,-0.936321
DN15,53.6094,-0.652341
DN16,53.5684,-0.639995
DN17,53.5734,-0.703529
DN18,53.6821,-0.445714
DN19,53.6846,-0.365915
DN20,53.5575,-0.503504
DN21,53.4171,-0.710353
DN22,53.3251,-0.930272
DN31,53.571,-0.0842763
DN32,53.5632,-0.0710842
DN33,53.5405,-0.0987582
DN34,53.5581,-0.112091
DN35,53.5556,-0.0379313
DN36,53.513,-0.0404835
DN37,53.55,-0.148654
DN38,53.5604,-0.396987
DN39,53.617,-0.33006
DN40,53.6216,-0.22378
DN41,53.5847,-0.195086
DN55,53.5129,-1.12572
DT1,50.7127,-2.4447
DT2,50.7483,-2.44948
DT3,50.6404,-2.46722
DT4,50.6099,-2.46316
DT5,50.5494,-2.44281
DT6,50.7386,-2.77462
DT7,50.7293,-2.94578
DT8,50.815,-2.75818
DT9,50.9426,-2.51646
DT10,50.9374,-2.33142
DT11,50.8614,-2.1798
DY1,52.515,-2.09421
DY2,52.4976,-2.0826
DY3,52.5298,-2.12881
DY4,52.5319,-2.05455
DY5,52.4811,-2.12273
DY6,52.499,-2.16423
DY7,52.4646,-2.21841
DY8,52.4599,-2.15367
DY9,52.4375,-2.12416
DY10,52.3869,-2.22897
DY11,52.3856,-2.26022
DY12,52.3865,-2.32292
DY13,52.3372,-2.28096
DY14,52.3809,-2.45596
E1,51.5163,-0.0603358
E1W,51.5125,-0.0592357
E2,51.5303,-0.0621743
E3,51.5282,-0.0255781
E4,51.6241,-0.00284804
E5,51.5594,-0.0545856
E6,51.5252,0.0551969
E7,51.5476,0.0260344
E8,51.5411,-0.064833
E9,51.5416,-0.0462518
E10,51.5686,-0.0128054
E11,51.5672,0.0115762
E12,51.5511,0.0506652
E13,51.5283,0.0258475
E14,51.5077,-0.0203762
E15,51.5382,0.000213437
E16,51.5114,0.0216608
E17,51.5864,-0.0201243
E18,51.5926,0.0256317
E20,51.5462,-0.0108208
E22,51.5015,-0.0165135
E77,51.514,-0.069103
E98,51.5086,-0.0640746
EC1A,51.5202,-0.104412
EC1M,51.5214,-0.103572
EC1N,51.52,-0.109118
EC1P,51.5246,-0.112017
EC1R,51.5245,-0.108947
EC1V,51.5265,-0.0992766
EC1Y,51.5231,-0.0933768
EC2A,51.5231,-0.0879488
EC2M,51.5184,-0.0867589
EC2N,51.516,-0.0874404
EC2P,51.5241,-0.110625
EC2R,51.5163,-0.0918429
EC2V,51.5158,-0.0949099
EC2Y,51.52,-0.0963027
EC3A,51.5149,-0.0819831
EC3B,51.514,-0.081797
EC3M,51.5122,-0.0837057
EC3N,51.5127,-0.0797536
EC3P,51.523,-0.108283
EC3R,51.5112,-0.0846262
EC3V,51.5133,-0.0868873
EC4A,51.5159,-0.10862
EC4M,51.5149,-0.100555
EC4N,51.5134,-0.0930814
EC4P,51.5233,-0.110755
EC4R,51.5114,-0.0917014
EC4V,51.5126,-0.100218
EC4Y,51.5137,-0.108834
EC50,51.5245,-0.112063
EC88,51.5245,-0.0790966
EH1,55.9523,-3.19213
EH2,55.9532,-3.20058
EH3,55.9521,-3.2053
EH4,55.9625,-3.25593
EH5,55.9747,-3.21956
EH6,55.9712,-3.17378
EH7,55.9599,-3.16348
EH8,55.95,-3.16633
EH9,55.9333,-3.18709
EH10,55.9216,-3.21079
EH11,55.9334,-3.25133
EH12,55.9412,-3.27629
EH13,55.9086,-3.24252
EH14,55.9117,-3.28064
EH15,55.9472,-3.11304
EH16,55.9238,-3.15087
EH17,55.9057,-3.14326
EH18,55.8766,-3.12172
EH19,55.8725,-3.1045
EH20,55.8787,-3.15371
EH21,55.9386,-3.04612
EH22,55.8861,-3.06223
EH23,55.841,-3.0517
EH24,55.8514,-3.13495
EH25,55.8589,-3.17748
EH26,55.8337,-3.2236
EH27,55.8902,-3.4234
EH28,55.9283,-3.40462
EH29,55.9568,-3.3957
EH30,55.983,-3.38508
EH31,56.0375,-2.8205
EH32,55.9663,-2.95074
EH33,55.9415,-2.94473
EH34,55.9105,-2.88564
EH35,55.9111,-2.94457
EH36,55.8554,-2.8543
EH37,55.8634,-2.9663
EH38,55.7852,-2.96187
EH39,56.048,-2.73268
EH40,55.9902,-2.65144
EH41,55.9496,-2.77882
EH42,55.9938,-2.5246
EH43,55.6239,-3.01164
EH44,55.621,-3.07046
EH45,55.6539,-3.19019
EH46,55.7347,-3.34235
EH47,55.8606,-3.66482
EH48,55.8982,-3.66095
EH49,55.9769,-3.60337
EH51,56.0115,-3.60501
EH52,55.937,-3.48911
EH53,55.8952,-3.47088
EH54,55.8917,-3.525
EH55,55.8487,-3.57338
EH91,55.9272,-3.2907
EH95,55.9786,-3.25352
EH99,55.9519,-3.19475
EN1,51.6533,-0.0706038
EN2,51.6586,-0.0917956
EN3,51.6579,-0.0414675
EN4,51.6483,-0.162065
EN5,51.6482,-0.189978
EN6,51.6991,-0.179621
EN7,51.7086,-0.0652189
EN8,51.6958,-0.0330685
EN9,51.6947,0.0106453
EN10,51.7409,-0.0211017
EN11,51.7637,-0.00949556
EX1,50.7273,-3.50767
EX2,50.7107,-3.51526
EX3,50.696,-3.46056
EX4,50.7303,-3.52614
EX5,50.7548,-3.43533
EX6,50.6761,-3.59265
EX7,50.5863,-3.4712
EX8,50.6283,-3.40301
EX9,50.639,-3.32367
EX10,50.6919,-3.24573
EX11,50.7472,-3.2885
EX12,50.7067,-3.08096
EX13,50.7739,-3.0251
EX14,50.8108,-3.20024
EX15,50.8754,-3.3469
EX16,50.9205,-3.49107
EX17,50.8103,-3.70113
EX18,50.9016,-3.88648
EX19,50.8755,-3.99834
EX20,50.751,-4.01494
EX21,50.8033,-4.20849
EX22,50.8265,-4.367
EX23,50.8249,-4.53383
EX24,50.7375,-3.08713
EX31,51.0852,-4.06826
EX32,51.0734,-4.0277
EX33,51.1127,-4.16644
EX34,51.1992,-4.10864
EX35,51.2247,-3.82945
EX36,51.0172,-3.80182
EX37,50.9793,-3.95573
EX38,50.9452,-4.15123
EX39,51.0161,-4.24189
FK1,55.989,-3.79268
FK2,56.0053,-3.75811
FK3,56.012,-3.72042
FK4,55.9976,-3.90756
FK5,56.0256,-3.82066
FK6,56.0217,-3.91437
FK7,56.0994,-3.91804
FK8,56.129,-4.03379
FK9,56.1416,-3.94122
FK10,56.115,-3.78337
FK11,56.1499,-3.85115
FK12,56.1521,-3.80153
FK13,56.1502,-3.7424
FK14,56.1639,-3.66586
FK15,56.1998,-3.95238
FK16,56.191,-4.05903
FK17,56.2405,-4.21938
FK18,56.3161,-4.31649
FK19,56.3733,-4.31142
FK20,56.4074,-4.61057
FK21,56.4662,-4.32086
FY0,53.7546,-3.00814
FY1,53.8162,-3.04842
FY2,53.8444,-3.04014
FY3,53.8211,-3.0226
FY4,53.792,-3.03019
FY5,53.8736,-3.02401
FY6,53.8651,-2.98007
FY7,53.9166,-3.02535
FY8,53.7505,-3.00708
G1,55.8605,-4.24908
G2,55.8635,-4.25587
G3,55.8663,-4.27014
G4,55.8681,-4.25121
G5,55.8477,-4.25386
G9,55.8687,-4.24224
G11,55.8735,-4.31336
G12,55.8797,-4.30203
G13,55.8927,-4.34724
G14,55.8802,-4.35084
G15,55.9104,-4.36699
G20,55.8856,-4.28205
G21,55.8805,-4.22279
G22,55.8895,-4.25259
G23,55.9026,-4.28512
G31,55.856,-4.20909
G32,55.8486,-4.16635
G33,55.8735,-4.16508
G34,55.8679,-4.11272
G40,55.8473,-4.2207
G41,55.8386,-4.28153
G42,55.8342,-4.25876
G43,55.8187,-4.29261
G44,55.8141,-4.25785
G45,55.8046,-4.23309
G46,55.8044,-4.30689
G51,55.8574,-4.31308
G52,55.8497,-4.35345
G53,55.8208,-4.35222
G58,55.8582,-4.25949
G60,55.9175,-4.44161
G61,55.9192,-4.3301
G62,55.9426,-4.32062
G63,56.0428,-4.37168
G64,55.9109,-4.21801
G65,55.9721,-4.09952
G66,55.9402,-4.15429
G67,55.9479,-3.98569
G68,55.9532,-4.01091
G69,55.8746,-4.1026
G70,55.9501,-3.98758
G71,55.822,-4.076
G72,55.8048,-4.13077
G73,55.8219,-4.20625
G74,55.7677,-4.17812
G75,55.7508,-4.19728
G76,55.7784,-4.2734
G77,55.7736,-4.3319
G78,55.7935,-4.40842
G79,55.771,-4.22306
G80,55.8686,-4.24189
G81,55.9119,-4.40709
G82,55.9509,-4.57337
G83,56.0114,-4.5871
G84,56.0137,-4.75433
G90,55.8691,-4.2407
GL1,51.8564,-2.24613
GL2,51.8418,-2.26918
GL3,51.8606,-2.18066
GL4,51.8428,-2.2188
GL5,51.7393,-2.22123
GL6,51.7387,-2.19957
GL7,51.7109,-1.90652
GL8,51.6415,-2.16887
GL9,51.5611,-2.29358
GL10,51.7453,-2.28408
GL11,51.693,-2.35768
GL12,51.6275,-2.38559
GL13,51.6929,-2.45364
GL14,51.8189,-2.48456
GL15,51.7345,-2.5489
GL16,51.7954,-2.61337
GL17,51.8549,-2.50807
GL18,51.9398,-2.41345
GL19,51.9382,-2.28356
GL20,52.0025,-2.13048
GL50,51.9015,-2.08147
GL51,51.8968,-2.10833
GL52,51.9226,-2.06083
GL53,51.882,-2.06931
GL54,51.8984,-1.86471
GL55,52.0618,-1.77144
GL56,51.9903,-1.7042
GU1,51.2431,-0.570124
GU2,51.2447,-0.592965
GU3,51.2471,-0.621288
GU4,51.2429,-0.546563
GU5,51.2061,-0.522064
GU6,51.1401,-0.485316
GU7,51.1888,-0.610682
GU8,51.1519,-0.639688
GU9,51.2178,-0.796116
GU10,51.1989,-0.796437
GU11,51.2501,-0.762451
GU12,51.2516,-0.732599
GU13,51.2751,-0.838657
GU14,51.2909,-0.761376
GU15,51.3355,-0.750809
GU16,51.3133,-0.730483
GU17,51.3363,-0.806081
GU18,51.3475,-0.663208
GU19,51.3591,-0.68964
GU20,51.3599,-0.641336
GU21,51.3199,-0.576951
GU22,51.3135,-0.553341
GU23,51.2972,-0.511252
GU24,51.3301,-0.625421
GU25,51.4013,-0.569441
GU26,51.1103,-0.746089
GU27,51.0836,-0.722426
GU28,50.9909,-0.628127
GU29,50.9846,-0.746369
GU30,51.0757,-0.803861
GU31,50.9978,-0.908496
GU32,51.0077,-0.960856
GU33,51.0477,-0.89369
GU34,51.1407,-0.984623
GU35,51.1167,-0.85224
GU46,51.3385,-0.824104
GU47,51.3475,-0.793395
GU51,51.2851,-0.839532
GU52,51.2655,-0.838685
GU95,51.3263,-0.763057
GY1,49.4669,-2.54798
GY2,49.4849,-2.54095
GY3,49.4928,-2.52725
GY4,49.4336,-2.55937
GY5,49.4633,-2.59664
GY6,49.4512,-2.5696
GY7,49.4472,-2.63552
GY8,49.4249,-2.60752
GY9,49.7147,-2.20572
GY10,49.4342,-2.35382
HA0,51.5501,-0.304649
HA1,51.5816,-0.336114
HA2,51.576,-0.354332
HA3,51.5914,-0.323099
HA4,51.5708,-0.410384
HA5,51.5947,-0.385866
HA6,51.6099,-0.420453
HA7,51.6096,-0.306765
HA8,51.6116,-0.27526
HA9,51.5585,-0.289974
HD1,53.6469,-1.78633
HD2,53.6671,-1.77684
HD3,53.6529,-1.83067
HD4,53.6271,-1.79743
HD5,53.6476,-1.74878
HD6,53.7015,-1.78298
HD7,53.5993,-1.82978
HD8,53.6003,-1.6747
HD9,53.5793,-1.79573
HG1,53.9998,-1.53241
HG2,53.9876,-1.52823
HG3,54.0301,-1.61396
HG4,54.1539,-1.55924
HG5,54.0132,-1.45888
HP1,51.7553,-0.47833
HP2,51.7623,-0.454087
HP3,51.737,-0.472442
HP4,51.7666,-0.567817
HP5,51.713,-0.608573
HP6,51.6774,-0.601724
HP7,51.6663,-0.610459
HP8,51.6446,-0.575717
HP9,51.6103,-0.641811
HP10,51.6108,-0.710653
HP11,51.6254,-0.746665
HP12,51.6247,-0.777741
HP13,51.633,-0.741456
HP14,51.6489,-0.825564
HP15,51.6534,-0.717361
HP16,51.7025,-0.717752
HP17,51.7498,-0.853315
HP18,51.8167,-0.960722
HP19,51.8238,-0.826348
HP20,51.8197,-0.808099
HP21,51.8068,-0.806193
HP22,51.8012,-0.769257
HP23,51.795,-0.66262
HP27,51.722,-0.831474
HR1,52.0525,-2.69653
HR2,52.0131,-2.77846
HR3,52.0921,-3.06837
HR4,52.0849,-2.76109
HR5,52.1961,-3.0296
HR6,52.2317,-2.76845
HR7,52.1844,-2.52502
HR8,52.0441,-2.44187
HR9,51.9084,-2.58141
HS1,58.212,-6.38133
HS2,58.2494,-6.45893
HS3,57.8829,-6.84834
HS4,57.8685,-6.6899
HS5,57.7949,-6.9697
HS6,57.6029,-7.29756
HS7,57.4514,-7.34534
HS8,57.2321,-7.34658
HS9,56.9677,-7.47862
HU1,53.743,-0.337002
HU2,53.7497,-0.337122
HU3,53.7413,-0.365478
HU4,53.7364,-0.399646
HU5,53.7595,-0.37455
HU6,53.7809,-0.36888
HU7,53.789,-0.331232
HU8,53.7678,-0.30485
HU9,53.7533,-0.296933
HU10,53.7478,-0.440595
HU11,53.8308,-0.236979
HU12,53.7246,-0.135832
HU13,53.7247,-0.43788
HU14,53.7275,-0.48813
HU15,53.7474,-0.618477
HU16,53.7816,-0.422216
HU17,53.8457,-0.424729
HU18,53.9087,-0.170325
HU19,53.7233,0.0341322
HU20,53.7873,-0.502186
HX1,53.7218,-1.86759
HX2,53.7385,-1.90418
HX3,53.7264,-1.84576
HX4,53.6806,-1.87978
HX5,53.6865,-1.83615
HX6,53.6985,-1.92341
HX7,53.7394,-2.00905
IG1,51.5592,0.0727713
IG2,51.5733,0.0794581
IG3,51.5624,0.0977842
IG4,51.5772,0.0549606
IG5,51.586,0.0646961
IG6,51.5919,0.0870796
IG7,51.6138,0.0877212
IG8,51.6125,0.0381727
IG9,51.6241,0.0390977
IG10,51.6483,0.065833
IG11,51.5347,0.0920814
IM1,54.1548,-4.48399
IM2,54.1721,-4.47897
IM3,54.2035,-4.4789
IM4,54.2056,-4.42316
IM5,54.2173,-4.69203
IM6,54.2708,-4.58148
IM7,54.3164,-4.5328
IM8,54.334,-4.38964
IM9,54.1133,-4.69514
IP1,52.0628,1.14226
IP2,52.0462,1.13452
IP3,52.0421,1.18509
IP4,52.0596,1.17574
IP5,52.0614,1.2395
IP6,52.1288,1.11063
IP7,52.0656,0.950499
IP8,52.0631,1.08306
IP9,51.9928,1.1476
IP10,52.0075,1.28295
IP11,51.9672,1.33451
IP12,52.0939,1.36387
IP13,52.1854,1.32118
IP14,52.2046,1.02705
IP15,52.1591,1.59456
IP16,52.2046,1.58323
IP17,52.2301,1.50174
IP18,52.3306,1.6687
IP19,52.3408,1.49503
IP20,52.4057,1.31805
IP21,52.3655,1.2298
IP22,52.3777,1.07152
IP23,52.3141,1.12071
IP24,52.4196,0.757035
IP25,52.58,0.835864
IP26,52.5061,0.576605
IP27,52.4297,0.582909
IP28,52.3281,0.535205
IP29,52.1955,0.663014
IP30,52.212,0.841458
IP31,52.2877,0.82628
IP32,52.254,0.71862
IP33,52.2432,0.714369
IP98,52.3766,1.11068
IV1,57.4789,-4.20023
IV2,57.4685,-4.18924
IV3,57.4633,-4.27173
IV4,57.4513,-4.5239
IV5,57.4688,-4.41068
IV6,57.5214,-4.46023
IV7,57.5839,-4.39235
IV8,57.5549,-4.2649
IV9,57.5693,-4.17736
IV10,57.5849,-4.12637
IV11,57.6775,-4.0381
IV12,57.5749,-3.86549
IV13,57.3453,-4.02636
IV14,57.5854,-4.54779
IV15,57.5984,-4.43087
IV16,57.6603,-4.34376
IV17,57.6986,-4.25573
IV18,57.7008,-4.15652
IV19,57.8046,-4.06045
IV20,57.7899,-3.90966
IV21,57.7244,-5.71811
IV22,57.7371,-5.50507
IV23,57.7736,-5.03441
IV24,57.8908,-4.35621
IV25,57.8883,-4.04045
IV26,57.9192,-5.18415
IV27,58.2681,-4.79351
IV28,58.0078,-4.15807
IV30,57.6536,-3.32769
IV31,57.7168,-3.29075
IV32,57.631,-3.11381
IV33,57.5311,-3.21093
IV34,57.4679,-3.28994
IV35,57.4687,-3.35631
IV36,57.61,-3.60764
IV40,57.2827,-5.66451
IV41,57.2742,-5.73372
IV42,57.2352,-5.83871
IV43,57.1494,-5.8461
IV44,57.1026,-5.88096
IV45,57.0725,-5.90406
IV46,57.1093,-5.97907
IV47,57.296,-6.34537
IV48,57.2935,-6.09745
IV49,57.2296,-5.94122
IV51,57.484,-6.24892
IV52,57.3358,-5.65171
IV53,57.344,-5.55518
IV54,57.429,-5.61011
IV55,57.4566,-6.60957
IV56,57.3705,-6.4405
IV63,57.319,-4.5083
IV99,57.4813,-4.22395
JE2,49.1995,-2.08378
JE3,49.2375,-2.22265
KA1,55.5971,-4.49719
KA2,55.5967,-4.56155
KA3,55.6431,-4.49687
KA4,55.5996,-4.38476
KA5,55.5093,-4.38573
KA6,55.4175,-4.5079
KA7,55.4505,-4.63093
KA8,55.4714,-4.61372
KA9,55.4988,-4.60566
KA10,55.5496,-4.6498
KA11,55.6179,-4.62986
KA12,55.6178,-4.66599
KA13,55.6554,-4.70005
KA14,55.7404,-4.67084
KA15,55.7485,-4.62712
KA16,55.6072,-4.33398
KA17,55.6102,-4.294
KA18,55.451,-4.24201
KA19,55.3466,-4.67012
KA20,55.6406,-4.75342
KA21,55.6413,-4.78463
KA22,55.6487,-4.80755
KA23,55.6894,-4.85343
KA24,55.7095,-4.71624
KA25,55.752,-4.68935
KA26,55.2202,-4.83598
KA27,55.5411,-5.16706
KA28,55.7544,-4.92462
KA29,55.7565,-4.85422
KA30,55.7967,-4.86377
KT1,51.4071,-0.297587
KT2,51.4162,-0.290837
KT3,51.3997,-0.256892
KT4,51.3787,-0.243163
KT5,51.3927,-0.287893
KT6,51.3897,-0.300606
KT7,51.3901,-0.329089
KT8,51.4016,-0.366919
KT9,51.3648,-0.303188
KT10,51.3715,-0.357331
KT11,51.3283,-0.404804
KT12,51.3774,-0.408789
KT13,51.3693,-0.45153
KT14,51.3403,-0.486339
KT15,51.3651,-0.49445
KT16,51.3839,-0.514547
KT17,51.3396,-0.253357
KT18,51.3189,-0.263622
KT19,51.3502,-0.269389
KT20,51.2872,-0.231855
KT21,51.3109,-0.302915
KT22,51.3006,-0.337528
KT23,51.2819,-0.370939
KT24,51.2695,-0.43062
KW1,58.4559,-3.11833
KW2,58.3486,-3.16378
KW3,58.3061,-3.28232
KW5,58.2841,-3.38688
KW6,58.2504,-3.4442
KW7,58.1868,-3.50173
KW8,58.1149,-3.66692
KW9,58.0136,-3.859
KW10,57.9744,-3.97783
KW11,58.3078,-4.13594
KW12,58.5077,-3.49269
KW13,58.4784,-3.89505
KW14,58.5887,-3.55496
KW15,58.9805,-2.95996
KW16,58.9589,-3.27611
KW17,59.0292,-3.00798
KY1,56.1271,-3.1406
KY2,56.1222,-3.18278
KY3,56.063,-3.23249
KY4,56.1138,-3.36165
KY5,56.1451,-3.29405
KY6,56.1966,-3.19659
KY7,56.21,-3.15508
KY8,56.1971,-3.01237
KY9,56.2089,-2.8372
KY10,56.2298,-2.70099
KY11,56.0495,-3.41193
KY12,56.0759,-3.48794
KY13,56.2082,-3.43176
KY14,56.3108,-3.23251
KY15,56.3008,-3.05108
KY16,56.3413,-2.82014
KY99,56.0547,-3.43743
L1,53.4024,-2.98037
L2,53.4068,-2.99013
L3,53.4087,-2.98557
L4,53.4378,-2.96202
L5,53.4248,-2.97778
L6,53.4186,-2.9533
L7,53.4055,-2.95028
L8,53.3902,-2.9642
L9,53.4613,-2.95221
L10,53.4736,-2.92843
L11,53.4472,-2.91455
L12,53.4345,-2.89692
L13,53.415,-2.92171
L14,53.4194,-2.88167
L15,53.3973,-2.92272
L16,53.3981,-2.89294
L17,53.3787,-2.94231
L18,53.3805,-2.90956
L19,53.3582,-2.90319
L20,53.4524,-2.98996
L21,53.4707,-3.00017
L22,53.4767,-3.02747
L23,53.4893,-3.02356
L24,53.3443,-2.84315
L25,53.3789,-2.86397
L26,53.3654,-2.8352
L27,53.388,-2.84033
L28,53.4352,-2.86701
L29,53.5053,-2.98803
L30,53.4818,-2.97179
L31,53.5132,-2.93816
L32,53.4786,-2.88938
L33,53.4886,-2.87606
L34,53.4349,-2.81495
L35,53.416,-2.78593
L36,53.4143,-2.84158
L37,53.5567,-3.06346
L38,53.5285,-3.05273
L39,53.5631,-2.8935
L40,53.5983,-2.8475
L41,53.3944,-3.03082
L42,53.3745,-3.02267
L43,53.385,-3.0594
L44,53.415,-3.03642
L45,53.4289,-3.05111
L46,53.4044,-3.11065
L47,53.3965,-3.1687
L48,53.3703,-3.16987
L49,53.3811,-3.10403
L60,53.3268,-3.09679
L61,53.3485,-3.10172
L62,53.335,-2.98243
L63,53.344,-3.01293
L64,53.2879,-3.0487
L65,53.2775,-2.90145
L66,53.2764,-2.93585
L67,53.4057,-2.96781
L68,53.4533,-2.96644
L69,53.4008,-2.97532
L70,53.4095,-2.97318
L71,53.4222,-2.97479
L72,53.4786,-2.98369
L73,53.3803,-2.97643
L74,53.3931,-2.98828
L75,53.4423,-2.98456
L80,53.4692,-2.96908
LA1,54.0469,-2.80036
LA2,54.0659,-2.67428
LA3,54.0519,-2.878
LA4,54.0704,-2.85479
LA5,54.1426,-2.78923
LA6,54.1747,-2.61695
LA7,54.226,-2.77313
LA8,54.3235,-2.76036
LA9,54.3261,-2.7441
LA10,54.3149,-2.49785
LA11,54.1995,-2.92373
LA12,54.2023,-3.08416
LA13,54.1183,-3.19925
LA14,54.1179,-3.23053
LA15,54.1558,-3.17949
LA16,54.1847,-3.20271
LA17,54.2397,-3.17571
LA18,54.2151,-3.27541
LA19,54.2892,-3.37196
LA20,54.2926,-3.20703
LA21,54.3646,-3.07161
LA22,54.4208,-2.98482
LA23,54.3727,-2.9126
LD1,52.2577,-3.36791
LD2,52.1436,-3.39434
LD3,51.958,-3.37467
LD4,52.1177,-3.55773
LD5,52.1272,-3.6151
LD6,52.3089,-3.50936
LD7,52.3497,-3.08835
LD8,52.2669,-3.04953
LE1,52.6334,-1.1327
LE2,52.6111,-1.118
LE3,52.6266,-1.1814
LE4,52.6628,-1.12284
LE5,52.636,-1.0973
LE6,52.7133,-1.36343
LE7,52.6851,-1.07065
LE8,52.564,-1.10629
LE9,52.5723,-1.27153
LE10,52.5373,-1.37066
LE11,52.7702,-1.22242
LE12,52.7688,-1.19237
LE13,52.7666,-0.883928
LE14,52.7836,-0.89738
LE15,52.6594,-0.706905
LE16,52.4855,-0.899647
LE17,52.4672,-1.18118
LE18,52.5833,-1.11111
LE19,52.5875,-1.21294
LE21,52.631,-1.12962
LE41,52.6353,-1.15512
LE55,52.7314,-1.40736
LE65,52.7486,-1.46988
LE67,52.7158,-1.36265
LE87,52.6314,-1.13201
LE94,52.4837,-0.905511
LE95,52.6062,-1.19055
LL11,53.059,-3.02666
LL12,53.0862,-2.99018
LL13,53.0363,-2.96333
LL14,52.9926,-3.05236
LL15,53.1052,-3.31511
LL16,53.1852,-3.43046
LL17,53.2551,-3.43854
LL18,53.3118,-3.47761
LL19,53.3314,-3.41095
LL20,52.9611,-3.16234
LL21,52.9887,-3.40795
LL22,53.2717,-3.59161
LL23,52.9059,-3.60224
LL24,53.0604,-3.78661
LL25,53.0546,-3.87925
LL26,53.1392,-3.78751
LL27,53.1482,-3.82718
LL28,53.2889,-3.75922
LL29,53.2909,-3.71299
LL30,53.3173,-3.81807
LL31,53.2912,-3.81087
LL32,53.2616,-3.84003
LL33,53.2499,-3.98368
LL34,53.2716,-3.91229
LL35,52.5474,-4.04081
LL36,52.6031,-4.06559
LL37,52.6709,-4.07048
LL38,52.699,-4.03763
LL39,52.7129,-4.00091
LL40,52.7553,-3.8768
LL41,52.9699,-3.93867
LL42,52.7262,-4.05391
LL43,52.7746,-4.09248
LL44,52.7874,-4.0953
LL45,52.8202,-4.09711
LL46,52.8564,-4.10778
LL47,52.9021,-4.06251
LL48,52.9353,-4.07116
LL49,52.929,-4.13832
LL51,52.9728,-4.23738
LL52,52.9247,-4.23767
LL53,52.8846,-4.48714
LL54,53.0605,-4.28603
LL55,53.1344,-4.21162
LL56,53.1877,-4.2001
LL57,53.2099,-4.1168
LL58,53.2791,-4.10075
LL59,53.2344,-4.1592
LL60,53.216,-4.26814
LL61,53.1969,-4.25953
LL62,53.2112,-4.38612
LL63,53.2194,-4.4708
LL64,53.2291,-4.5148
LL65,53.301,-4.57506
LL66,53.381,-4.4057
LL67,53.4111,-4.4568
LL68,53.3988,-4.37491
LL69,53.3863,-4.31971
LL70,53.3638,-4.28797
LL71,53.3272,-4.36906
LL72,53.3441,-4.24583
LL73,53.3352,-4.24451
LL74,53.315,-4.23416
LL75,53.2836,-4.221
LL76,53.3009,-4.23921
LL77,53.2591,-4.31192
LL78,53.3173,-4.26316
LN1,53.2568,-0.586329
LN2,53.2596,-0.510098
LN3,53.2805,-0.339803
LN4,53.1533,-0.391282
LN5,53.1883,-0.552581
LN6,53.2023,-0.597742
LN7,53.4894,-0.341951
LN8,53.3756,-0.329289
LN9,53.2158,-0.111552
LN10,53.1575,-0.216068
LN11,53.3722,0.022546
LN12,53.3297,0.262781
LN13,53.2646,0.182701
LS1,53.7974,-1.55315
LS2,53.8015,-1.54707
LS3,53.8014,-1.5631
LS4,53.8085,-1.58273
LS5,53.8181,-1.60241
LS6,53.8185,-1.56614
LS7,53.8177,-1.54058
LS8,53.8215,-1.51253
LS9,53.7985,-1.5111
LS10,53.7654,-1.53183
LS11,53.7783,-1.55666
LS12,53.7914,-1.59519
LS13,53.8111,-1.63496
LS14,53.8274,-1.4583
LS15,53.8065,-1.44621
LS16,53.8509,-1.60426
LS17,53.8583,-1.52905
LS18,53.8408,-1.64476
LS19,53.8608,-1.68593
LS20,53.8734,-1.71375
LS21,53.9101,-1.68265
LS22,53.9318,-1.3926
LS23,53.9067,-1.35247
LS24,53.8709,-1.25478
LS25,53.7865,-1.32531
LS26,53.7572,-1.44251
LS27,53.7491,-1.60466
LS28,53.8015,-1.66907
LS29,53.9194,-1.80347
LS88,53.7518,-1.53522
LS98,53.7735,-1.53215
LS99,53.7664,-1.50424
LU1,51.8764,-0.424715
LU2,51.8908,-0.397811
LU3,51.9058,-0.44263
LU4,51.8985,-0.465151
LU5,51.9087,-0.515645
LU6,51.8811,-0.532551
LU7,51.911,-0.661461
LU95,51.9137,-0.662755
M1,53.4777,-2.23672
M2,53.4803,-2.24465
M3,53.4836,-2.25225
M4,53.4849,-2.23071
M5,53.4797,-2.2854
M6,53.4916,-2.29563
M7,53.5043,-2.26174
M8,53.509,-2.2409
M9,53.5216,-2.21439
M10,53.5028,-2.19389
M11,53.4784,-2.18324
M12,53.4658,-2.20602
M13,53.4622,-2.21716
M14,53.4468,-2.22503
M15,53.4665,-2.25265
M16,53.4561,-2.26514
M17,53.4692,-2.31581
M18,53.4615,-2.17294
M19,53.4377,-2.19546
M20,53.4251,-2.23168
M21,53.4389,-2.27341
M22,53.385,-2.26124
M23,53.3972,-2.28652
M24,53.5522,-2.19874
M25,53.5332,-2.27996
M26,53.5621,-2.33372
M27,53.5122,-2.33812
M28,53.5164,-2.39795
M29,53.515,-2.4702
M30,53.476,-2.36707
M31,53.4426,-2.38149
M32,53.4501,-2.30829
M33,53.4227,-2.32477
M34,53.4548,-2.11601
M35,53.4978,-2.1527
M38,53.5301,-2.42035
M40,53.5026,-2.19403
M41,53.4512,-2.36265
M43,53.483,-2.14908
M44,53.4407,-2.42717
M45,53.5445,-2.28967
M46,53.5255,-2.49224
M50,53.4766,-2.2902
M52,53.4504,-2.21543
M60,53.4847,-2.23312
M61,53.4865,-2.22917
M90,53.3639,-2.27551
M99,53.4858,-2.22905
ME1,51.3753,0.499394
ME2,51.3912,0.484691
ME3,51.4313,0.546257
ME4,51.3814,0.528097
ME5,51.3523,0.531752
ME6,51.3246,0.439565
ME7,51.3804,0.554768
ME8,51.3622,0.595181
ME9,51.3361,0.723596
ME10,51.3427,0.735691
ME11,51.4137,0.748314
ME12,51.4246,0.798552
ME13,51.3057,0.894374
ME14,51.2748,0.539917
ME15,51.2549,0.533114
ME16,51.2735,0.498371
ME17,51.2366,0.602186
ME18,51.2441,0.423165
ME19,51.2927,0.411072
ME20,51.3051,0.459843
ME99,51.2858,0.518108
MK1,52.0069,-0.726407
MK2,51.9918,-0.725583
MK3,51.9951,-0.750053
MK4,52.0042,-0.778262
MK5,52.0195,-0.777361
MK6,52.0292,-0.739277
MK7,52.0207,-0.692535
MK8,52.0357,-0.809719
MK9,52.0395,-0.75106
MK10,52.0378,-0.695102
MK11,52.0498,-0.835195
MK12,52.0571,-0.818103
MK13,52.0522,-0.789522
MK14,52.0597,-0.768691
MK15,52.0558,-0.726364
MK16,52.0882,-0.720777
MK17,52.001,-0.698099
MK18,51.9802,-0.97053
MK19,52.0719,-0.851509
MK20,52.0734,-0.719843
MK40,52.1374,-0.47501
MK41,52.1503,-0.450762
MK42,52.1185,-0.47303
MK43,52.1162,-0.549364
MK44,52.188,-0.429752
MK45,52.0307,-0.473048
MK46,52.1536,-0.695628
MK77,52.0411,-0.816043
MK98,52.0555,-0.760259
ML1,55.7977,-3.97711
ML2,55.7766,-3.91555
ML3,55.7708,-4.0529
ML4,55.8187,-4.02143
ML5,55.8598,-4.03066
ML6,55.8679,-3.96335
ML7,55.8297,-3.79522
ML8,55.7279,-3.8381
ML9,55.7257,-3.96849
ML10,55.685,-4.06096
ML11,55.6662,-3.78855
ML12,55.5747,-3.58732
N1,51.5376,-0.0982173
N1C,51.5366,-0.125794
N1P,51.539,-0.103395
N2,51.5903,-0.168587
N3,51.6004,-0.194088
N4,51.5705,-0.105248
N5,51.5538,-0.0985587
N6,51.5715,-0.140764
N7,51.5541,-0.118074
N8,51.5824,-0.120126
N9,51.6278,-0.0588931
N10,51.5939,-0.144287
N11,51.6139,-0.137351
N12,51.6154,-0.178483
N13,51.6211,-0.103704
N14,51.6333,-0.129967
N15,51.5804,-0.0867487
N16,51.5645,-0.0767843
N17,51.5973,-0.070991
N18,51.6136,-0.0644962
N19,51.5655,-0.12804
N20,51.6296,-0.174702
N21,51.6354,-0.0995876
N22,51.5999,-0.11412
N81,51.5798,-0.0970851
NE1,54.9725,-1.61303
NE2,54.9862,-1.60649
NE3,55.0098,-1.63354
NE4,54.9728,-1.6438
NE5,54.9955,-1.68894
NE6,54.9773,-1.56758
NE7,54.9973,-1.57969
NE8,54.9564,-1.60486
NE9,54.9316,-1.58789
NE10,54.9484,-1.55696
NE11,54.9401,-1.63185
NE12,55.0256,-1.57015
NE13,55.0415,-1.6479
NE15,54.9837,-1.71998
NE16,54.9348,-1.69358
NE17,54.916,-1.81898
NE18,55.0386,-1.86051
NE19,55.179,-2.09513
NE20,55.0522,-1.77799
NE21,54.9588,-1.71968
NE22,55.1374,-1.58425
NE23,55.0837,-1.58552
NE24,55.1228,-1.52112
NE25,55.0497,-1.48901
NE26,55.0469,-1.46139
NE27,55.0307,-1.51148
NE28,55.0011,-1.51898
NE29,55.0119,-1.46974
NE30,55.0198,-1.44289
NE31,54.9718,-1.51223
NE32,54.9698,-1.4844
NE33,54.9921,-1.4313
NE34,54.9728,-1.42327
NE35,54.9529,-1.46282
NE36,54.9475,-1.44346
NE37,54.9114,-1.52835
NE38,54.895,-1.52586
NE39,54.9263,-1.75779
NE40,54.966,-1.77015
NE41,54.9756,-1.82164
NE42,54.9623,-1.8537
NE43,54.9496,-1.9015
NE44,54.9441,-1.98041
NE45,54.9767,-2.01849
NE46,54.9779,-2.10421
NE47,54.9303,-2.24742
NE48,55.1319,-2.2671
NE49,54.9665,-2.46084
NE61,55.1774,-1.6859
NE62,55.1611,-1.5931
NE63,55.1774,-1.56137
NE64,55.184,-1.51666
NE65,55.3107,-1.73962
NE66,55.4265,-1.72643
NE67,55.5349,-1.69226
NE68,55.5723,-1.66061
NE69,55.6051,-1.71864
NE70,55.5921,-1.81623
NE71,55.553,-2.04054
NE82,54.9394,-1.61501
NE83,54.9344,-1.61564
NE85,54.9287,-1.59963
NE88,54.9473,-1.61194
NE89,54.9007,-1.53614
NE92,54.9418,-1.61499
NE98,54.9708,-1.60062
NE99,54.9679,-1.61487
NG1,52.9546,-1.14743
NG2,52.9375,-1.13723
NG3,52.9677,-1.13017
NG4,52.9712,-1.08691
NG5,52.997,-1.14354
NG6,52.9973,-1.19145
NG7,52.9585,-1.17824
NG8,52.9636,-1.21489
NG9,52.9264,-1.23256
NG10,52.8999,-1.28208
NG11,52.8997,-1.17407
NG12,52.9106,-1.06015
NG13,52.9488,-0.924981
NG14,53.0131,-1.04301
NG15,53.0449,-1.20278
NG16,53.0264,-1.29849
NG17,53.1162,-1.26109
NG18,53.141,-1.18589
NG19,53.16,-1.19755
NG20,53.2082,-1.18584
NG21,53.144,-1.10557
NG22,53.1776,-0.970199
NG23,53.1136,-0.800337
NG24,53.0704,-0.801531
NG25,53.0743,-0.950975
NG31,52.9133,-0.641806
NG32,52.9469,-0.651075
NG33,52.8205,-0.582518
NG34,52.9879,-0.395449
NG70,53.1541,-1.18735
NG80,52.9357,-1.19202
NG90,52.9266,-1.19277
NN1,52.2416,-0.891313
NN2,52.2593,-0.881014
NN3,52.2627,-0.843996
NN4,52.2209,-0.898177
NN5,52.2455,-0.932044
NN6,52.3199,-0.943754
NN7,52.2156,-0.921158
NN8,52.2985,-0.69231
NN9,52.3129,-0.614527
NN10,52.293,-0.599028
NN11,52.2444,-1.17424
NN12,52.1275,-0.995144
NN13,52.0327,-1.14718
NN14,52.4119,-0.707426
NN15,52.384,-0.704701
NN16,52.4031,-0.698709
NN17,52.5001,-0.68103
NN18,52.4792,-0.709882
NN29,52.2622,-0.665315
NN99,52.2364,-0.901811
NPT,51.5894,-2.98984
NP1,51.6169,-3.1165
NP2,51.7122,-3.22532
NP3,51.7652,-3.17592
NP4,51.6935,-3.03961
NP5,51.7703,-2.79309
NP6,51.6208,-2.78177
NP7,51.8283,-3.01237
NP8,51.8576,-3.14123
NP9,51.5892,-2.98905
NP10,51.5801,-3.04321
NP11,51.6442,-3.13175
NP12,51.6686,-3.19771
NP13,51.7354,-3.14106
NP15,51.7231,-2.88945
NP16,51.6489,-2.68651
NP18,51.6047,-2.94276
NP19,51.5864,-2.96137
NP20,51.59,-3.00428
NP22,51.7713,-3.25756
NP23,51.7845,-3.19809
NP24,51.7214,-3.23861
NP25,51.8043,-2.72287
NP26,51.5906,-2.77554
NP44,51.6515,-3.02748
NP90,51.5749,-2.90987
NR1,52.6289,1.30875
NR2,52.6308,1.28521
NR3,52.6433,1.29507
NR4,52.6137,1.259
NR5,52.6415,1.23791
NR6,52.6612,1.28366
NR7,52.6452,1.33322
NR8,52.6765,1.20766
NR9,52.6313,1.11373
NR10,52.7349,1.24477
NR11,52.8404,1.27507
NR12,52.7575,1.46565
NR13,52.6349,1.46358
NR14,52.566,1.37507
NR15,52.5053,1.26632
NR16,52.4782,1.05436
NR17,52.5161,0.996732
NR18,52.5709,1.10974
NR19,52.676,0.931014
NR20,52.721,0.979026
NR21,52.8404,0.850464
NR22,52.8928,0.862815
NR23,52.9492,0.857923
NR24,52.8578,1.04549
NR25,52.92,1.08335
NR26,52.9375,1.21137
NR27,52.9251,1.29972
NR28,52.8223,1.39666
NR29,52.6896,1.642
NR30,52.6178,1.727
NR31,52.5767,1.70967
NR32,52.4878,1.73304
NR33,52.4557,1.71831
NR34,52.4396,1.58273
NR35,52.4614,1.43305
NR99,52.6266,1.30919
NW1,51.5323,-0.142755
NW1W,51.5308,-0.135409
NW2,51.5595,-0.218297
NW3,51.5526,-0.173184
NW4,51.5874,-0.223722
NW5,51.5515,-0.144754
NW6,51.5402,-0.195563
NW7,51.615,-0.236007
NW8,51.5318,-0.174737
NW9,51.5866,-0.253458
NW10,51.5392,-0.248878
NW11,51.5787,-0.198393
NW26,51.5331,-0.21581
OL1,53.5468,-2.10598
OL2,53.5713,-2.10945
OL3,53.5525,-2.01143
OL4,53.5424,-2.07577
OL5,53.5167,-2.04069
OL6,53.4926,-2.08843
OL7,53.4894,-2.10617
OL8,53.527,-2.11697
OL9,53.5389,-2.14181
OL10,53.5903,-2.22277
OL11,53.6062,-2.17404
OL12,53.6345,-2.1654
OL13,53.7009,-2.2042
OL14,53.7143,-2.10093
OL15,53.6436,-2.1026
OL16,53.6133,-2.13861
OL95,53.5564,-2.1054
OX1,51.7469,-1.2623
OX2,51.7633,-1.27759
OX3,51.7604,-1.21549
OX4,51.7285,-1.21428
OX5,51.8599,-1.29328
OX6,51.909,-1.16885
OX7,51.8987,-1.49538
OX8,51.7823,-1.49881
OX9,51.7032,-1.04026
OX10,51.6057,-1.12942
OX11,51.601,-1.24994
OX12,51.5959,-1.4251
OX13,51.6759,-1.34871
OX14,51.6683,-1.27815
OX15,52.033,-1.4023
OX16,52.0636,-1.33915
OX17,52.0725,-1.29216
OX18,51.7624,-1.59234
OX20,51.8543,-1.35657
OX25,51.9006,-1.20764
OX26,51.9012,-1.15132
OX27,51.9334,-1.14938
OX28,51.7843,-1.48576
OX29,51.7929,-1.44012
OX33,51.7567,-1.14352
OX39,51.7035,-0.916932
OX44,51.6999,-1.13384
OX49,51.649,-1.00217
PA1,55.8449,-4.42035
PA2,55.8297,-4.43433
PA3,55.8513,-4.44388
PA4,55.8754,-4.39552
PA5,55.8317,-4.50997
PA6,55.863,-4.53433
PA7,55.9061,-4.50283
PA8,55.9013,-4.45314
PA9,55.8112,-4.55026
PA10,55.8329,-4.54992
PA11,55.8572,-4.5839
PA12,55.7967,-4.61893
PA13,55.8893,-4.62503
PA14,55.9283,-4.66684
PA15,55.9428,-4.74698
PA16,55.9427,-4.79796
PA17,55.8693,-4.87484
PA18,55.8914,-4.8801
PA19,55.9524,-4.82131
PA20,55.8343,-5.05694
PA21,55.903,-5.25036
PA22,55.9702,-5.12215
PA23,55.954,-4.93317
PA24,56.1548,-4.90414
PA25,56.2143,-5.04335
PA26,56.2597,-4.93551
PA27,56.1485,-5.07751
PA28,55.4339,-5.60559
PA29,55.8072,-5.47333
PA30,56.0135,-5.44952
PA31,56.0515,-5.45672
PA32,56.1976,-5.12692
PA33,56.3747,-5.04487
PA34,56.4015,-5.49794
PA35,56.4068,-5.22769
PA36,56.52,-4.77294
PA37,56.4634,-5.39842
PA38,56.5942,-5.33519
PA39,56.6733,-5.10651
PA40,56.7139,-4.96468
PA41,55.6745,-5.74255
PA42,55.6387,-6.18762
PA43,55.7558,-6.28461
PA44,55.7977,-6.28831
PA45,55.8195,-6.16687
PA46,55.8612,-6.11957
PA47,55.682,-6.504
PA48,55.7391,-6.38381
PA49,55.7799,-6.38994
PA60,55.8763,-5.91832
PA61,56.0712,-6.20154
PA62,56.3592,-5.85146
PA63,56.3817,-5.71581
PA64,56.4465,-5.69108
PA65,56.4691,-5.72528
PA66,56.3274,-6.3397
PA67,56.3137,-6.23195
PA68,56.4364,-6.14256
PA69,56.3796,-6.07761
PA70,56.3644,-6.02766
PA71,56.4807,-5.98148
PA72,56.5187,-5.96746
PA73,56.4959,-6.18368
PA74,56.5329,-6.22972
PA75,56.614,-6.10697
PA76,56.3335,-6.39492
PA77,56.4952,-6.87841
PA78,56.6264,-6.54581
PA80,56.7986,-6.77095
PA81,57.2314,-7.34771
PA82,57.5969,-7.3059
PA83,57.7652,-7.00996
PA84,57.8697,-6.69096
PA85,57.8781,-6.85546
PA86,58.2476,-6.46738
PA87,58.2098,-6.37269
PA88,57.4502,-7.34402
PA98,55.8606,-4.42975
PE1,52.5912,-0.248607
PE2,52.5682,-0.273791
PE3,52.5863,-0.277316
PE4,52.6121,-0.265071
PE5,52.578,-0.345877
PE6,52.655,-0.255327
PE7,52.5383,-0.208615
PE8,52.5275,-0.440666
PE9,52.6538,-0.477915
PE10,52.7731,-0.378067
PE11,52.8069,-0.164035
PE12,52.786,0.0173563
PE13,52.6689,0.139657
PE14,52.6394,0.201037
PE15,52.539,0.0861349
PE16,52.4549,0.0490479
PE17,52.381,-0.117053
PE18,52.3231,-0.212586
PE19,52.2365,-0.263192
PE20,52.9328,-0.101663
PE21,52.9746,-0.0235571
PE22,53.0479,0.0409091
PE23,53.1728,0.0906284
PE24,53.1646,0.268055
PE25,53.1522,0.334489
PE26,52.4526,-0.115547
PE27,52.3308,-0.0751838
PE28,52.3582,-0.190626
PE29,52.3345,-0.180869
PE30,52.7589,0.413299
PE31,52.8763,0.564872
PE32,52.7291,0.622827
PE33,52.651,0.462377
PE34,52.7277,0.341846
PE35,52.8275,0.510454
PE36,52.9381,0.505304
PE37,52.644,0.693276
PE38,52.5922,0.37654
PE99,52.614,-0.287205
PH1,56.4183,-3.47336
PH2,56.3861,-3.40881
PH3,56.3013,-3.70525
PH4,56.2637,-3.77943
PH5,56.3294,-3.82972
PH6,56.3719,-3.98874
PH7,56.3731,-3.83004
PH8,56.5625,-3.59733
PH9,56.6542,-3.69917
PH10,56.605,-3.35654
PH11,56.6395,-3.23585
PH12,56.5757,-3.15672
PH13,56.539,-3.27737
PH14,56.4507,-3.18774
PH15,56.6111,-3.93118
PH16,56.7059,-3.79703
PH17,56.686,-4.36926
PH18,56.7753,-3.89315
PH19,56.9345,-4.25468
PH20,57.0558,-4.14753
PH21,57.0901,-4.02088
PH22,57.1986,-3.8128
PH23,57.2871,-3.80011
PH24,57.2585,-3.74092
PH25,57.2653,-3.64584
PH26,57.3297,-3.60617
PH30,56.7922,-4.60124
PH31,56.8919,-4.82106
PH32,57.144,-4.68387
PH33,56.8149,-5.08399
PH34,56.9144,-4.92861
PH35,57.0751,-4.88695
PH36,56.7195,-5.855
PH37,56.8419,-5.49446
PH38,56.8522,-5.74009
PH39,56.9121,-5.84187
PH40,56.9622,-5.80001
PH41,57.0036,-5.82629
PH42,56.868,-6.19161
PH43,57.0136,-6.28196
PH44,57.0568,-6.50324
PH49,56.6784,-5.11488
PH50,56.7145,-4.96548
PL1,50.37,-4.14738
PL2,50.3863,-4.15544
PL3,50.386,-4.12576
PL4,50.3747,-4.12753
PL5,50.4109,-4.16709
PL6,50.4183,-4.1191
PL7,50.3909,-4.0459
PL8,50.3378,-4.01838
PL9,50.3564,-4.08651
PL10,50.3477,-4.21243
PL11,50.3732,-4.25323
PL12,50.4183,-4.24674
PL13,50.359,-4.47148
PL14,50.4625,-4.46582
PL15,50.6321,-4.39374
PL16,50.645,-4.27573
PL17,50.5145,-4.30623
PL18,50.5155,-4.22377
PL19,50.5542,-4.15323
PL20,50.5037,-4.10048
PL21,50.3855,-3.91903
PL22,50.4038,-4.65356
PL23,50.3371,-4.63645
PL24,50.3547,-4.71305
PL25,50.3409,-4.77671
PL26,50.3462,-4.82387
PL27,50.5223,-4.87055
PL28,50.5323,-4.96766
PL29,50.5828,-4.82702
PL30,50.4997,-4.72739
PL31,50.4691,-4.72226
PL32,50.6321,-4.66376
PL33,50.6224,-4.73145
PL34,50.66,-4.74372
PL35,50.6844,-4.68492
PL95,50.3666,-4.10451
PO1,50.7993,-1.08986
PO2,50.816,-1.07878
PO3,50.815,-1.06154
PO4,50.7909,-1.06428
PO5,50.7897,-1.08658
PO6,50.8461,-1.06959
PO7,50.8844,-1.04221
PO8,50.9109,-1.01473
PO9,50.8619,-0.982941
PO10,50.8516,-0.93022
PO11,50.7915,-0.977616
PO12,50.7988,-1.14275
PO13,50.8116,-1.17919
PO14,50.8398,-1.21176
PO15,50.8647,-1.22288
PO16,50.8504,-1.16203
PO17,50.8879,-1.17438
PO18,50.8618,-0.813664
PO19,50.837,-0.777675
PO20,50.7963,-0.77039
PO21,50.7849,-0.693718
PO22,50.7991,-0.649552
PO30,50.6936,-1.31004
PO31,50.7524,-1.3062
PO32,50.7498,-1.28153
PO33,50.7212,-1.16854
PO34,50.7161,-1.11404
PO35,50.6878,-1.08859
PO36,50.6579,-1.16254
PO37,50.6327,-1.17808
PO38,50.6042,-1.23883
PO39,50.6805,-1.53944
PO40,50.6827,-1.52232
PO41,50.6998,-1.47809
PR0,53.7588,-2.6839
PR1,53.7579,-2.70179
PR2,53.7758,-2.70519
PR3,53.8655,-2.71675
PR4,53.7543,-2.83127
PR5,53.7136,-2.68075
PR6,53.6643,-2.61494
PR7,53.6489,-2.65292
PR8,53.6276,-3.00478
PR9,53.6571,-2.97165
PR11,53.7788,-2.68495
PR25,53.6953,-2.69592
PR26,53.6903,-2.737
RG1,51.451,-0.970751
RG2,51.4233,-0.955111
RG3,51.4533,-1.0271
RG4,51.4781,-0.965388
RG5,51.4529,-0.907008
RG6,51.4427,-0.933707
RG7,51.3977,-1.08193
RG8,51.5053,-1.10689
RG9,51.5425,-0.9201
RG10,51.4799,-0.86737
RG11,51.3986,-0.839499
RG12,51.4119,-0.752691
RG13,51.4054,-1.2893
RG14,51.3985,-1.32122
RG15,51.3576,-1.34483
RG16,51.4711,-1.36217
RG17,51.4376,-1.49889
RG18,51.4309,-1.24798
RG19,51.3975,-1.21707
RG20,51.4029,-1.33482
RG21,51.2668,-1.09047
RG22,51.2521,-1.1229
RG23,51.2551,-1.14782
RG24,51.28,-1.07849
RG25,51.2357,-1.08669
RG26,51.3478,-1.12809
RG27,51.308,-0.949938
RG28,51.2351,-1.32965
RG29,51.2491,-0.947229
RG30,51.4533,-1.00912
RG31,51.4563,-1.04047
RG40,51.4022,-0.837208
RG41,51.4159,-0.857174
RG42,51.4247,-0.760462
RG45,51.3786,-0.801856
RH1,51.238,-0.159101
RH2,51.2367,-0.203219
RH3,51.2327,-0.284351
RH4,51.2308,-0.333766
RH5,51.1962,-0.3423
RH6,51.1717,-0.165602
RH7,51.1745,-0.0185772
RH8,51.253,-0.0002671
RH9,51.237,-0.0765849
RH10,51.1196,-0.164288
RH11,51.1118,-0.204618
RH12,51.0749,-0.328639
RH13,51.0384,-0.333225
RH14,51.0316,-0.479962
RH15,50.9571,-0.135296
RH16,51.0029,-0.0998103
RH17,51.0199,-0.118857
RH18,51.1008,0.0251785
RH19,51.1259,-0.0134852
RH20,50.9375,-0.471699
RH77,51.1388,-0.169752
RM1,51.5802,0.182073
RM2,51.5825,0.199405
RM3,51.6022,0.224291
RM4,51.6334,0.162115
RM5,51.5981,0.16532
RM6,51.575,0.133673
RM7,51.5732,0.169652
RM8,51.5571,0.130827
RM9,51.544,0.13729
RM10,51.5456,0.156621
RM11,51.5696,0.218106
RM12,51.5549,0.209313
RM13,51.5233,0.191443
RM14,51.5561,0.261268
RM15,51.5091,0.277175
RM16,51.4889,0.32042
RM17,51.4796,0.325876
RM18,51.4677,0.370402
RM19,51.4825,0.252302
RM20,51.4789,0.286551
RM50,51.5703,0.170664
S1,53.3806,-1.4695
S2,53.3718,-1.45111
S3,53.3867,-1.47317
S4,53.3977,-1.4515
S5,53.4224,-1.46224
S6,53.4024,-1.50929
S7,53.3547,-1.4899
S8,53.343,-1.47949
S9,53.3968,-1.42093
S10,53.3771,-1.51676
S11,53.3608,-1.50797
S12,53.35,-1.4093
S13,53.3648,-1.38436
S14,53.3471,-1.4449
S17,53.3226,-1.52593
S18,53.2996,-1.4729
S19,53.3345,-1.3516
S20,53.3342,-1.34961
S21,53.3132,-1.33932
S25,53.3677,-1.21931
S26,53.3547,-1.28712
S30,53.4457,-1.57621
S31,53.3426,-1.28395
S32,53.2948,-1.64504
S33,53.3432,-1.73367
S35,53.458,-1.4958
S36,53.5056,-1.61611
S40,53.2346,-1.44328
S41,53.2469,-1.42905
S42,53.2008,-1.41956
S43,53.2682,-1.34034
S44,53.2261,-1.31174
S45,53.1678,-1.42033
S49,53.2352,-1.43481
S60,53.4161,-1.35302
S61,53.4431,-1.39331
S62,53.4662,-1.34498
S63,53.5172,-1.3296
S64,53.4913,-1.29977
S65,53.4362,-1.32102
S66,53.4213,-1.25124
S70,53.5438,-1.47663
S71,53.5733,-1.45733
S72,53.5777,-1.39453
S73,53.5242,-1.39557
S74,53.5018,-1.44077
S75,53.5617,-1.51895
S80,53.2951,-1.14702
S81,53.3379,-1.12394
S95,53.4144,-1.41096
S96,53.403,-1.42703
S97,53.4977,-1.34314
S98,53.4042,-1.43096
S99,53.4043,-1.43103
SA1,51.6295,-3.93839
SA2,51.6215,-3.99114
SA3,51.583,-4.04013
SA4,51.676,-4.04242
SA5,51.6487,-3.96908
SA6,51.675,-3.92149
SA7,51.6631,-3.89393
SA8,51.7216,-3.84715
SA9,51.7807,-3.77066
SA10,51.6861,-3.80131
SA11,51.6737,-3.76688
SA12,51.6073,-3.79503
SA13,51.6041,-3.73778
SA14,51.732,-4.10923
SA15,51.6964,-4.16737
SA16,51.6891,-4.25438
SA17,51.7548,-4.28587
SA18,51.7974,-3.9632
SA19,51.9484,-3.95126
SA20,52.0096,-3.78839
SA31,51.8561,-4.30906
SA32,51.8875,-4.17241
SA33,51.8491,-4.43341
SA34,51.8507,-4.61844
SA35,51.9737,-4.56074
SA36,51.9578,-4.60838
SA37,52.018,-4.59564
SA38,52.0415,-4.47014
SA39,52.0206,-4.24866
SA40,52.0851,-4.16944
SA41,51.9981,-4.70372
SA42,52.0156,-4.85308
SA43,52.0868,-4.63231
SA44,52.0831,-4.36947
SA45,52.2057,-4.35816
SA46,52.2299,-4.24509
SA47,52.1907,-4.29672
SA48,52.142,-4.11062
SA61,51.799,-4.97467
SA62,51.8392,-5.06066
SA63,51.8702,-4.8621
SA64,52.002,-5.0108
SA65,51.9888,-4.97054
SA66,51.8776,-4.74524
SA67,51.7855,-4.73435
SA68,51.7311,-4.76386
SA69,51.7096,-4.70691
SA70,51.6721,-4.73518
SA71,51.6695,-4.93291
SA72,51.6921,-4.93724
SA73,51.7179,-5.01535
SA80,51.6479,-3.92428
SA99,51.67,-3.94546
SE1,51.4982,-0.0903451
SE1P,51.4928,-0.0801267
SE2,51.4915,0.114349
SE3,51.4684,0.0178698
SE4,51.4618,-0.0354174
SE5,51.4741,-0.0929754
SE6,51.4386,-0.0175667
SE7,51.4853,0.0314412
SE8,51.4817,-0.0288872
SE9,51.4462,0.054589
SE10,51.4844,0.00157751
SE11,51.4895,-0.108792
SE12,51.4462,0.0268949
SE13,51.4594,-0.0105252
SE14,51.4755,-0.043082
SE15,51.4727,-0.0670835
SE16,51.4964,-0.0555447
SE17,51.4886,-0.0947089
SE18,51.4857,0.0714694
SE19,51.4182,-0.0851403
SE20,51.4131,-0.0579516
SE21,51.4383,-0.0884221
SE22,51.4546,-0.0725859
SE23,51.4401,-0.0501507
SE24,51.4573,-0.100188
SE25,51.3982,-0.0775212
SE26,51.4281,-0.0540458
SE27,51.4304,-0.101538
SE28,51.501,0.103978
SE99,51.4782,-0.081672
SG1,51.9089,-0.19798
SG2,51.8967,-0.169095
SG3,51.8614,-0.182632
SG4,51.9244,-0.261114
SG5,51.9642,-0.27651
SG6,51.9795,-0.220685
SG7,52.002,-0.178339
SG8,52.0645,-0.0150532
SG9,51.9402,-0.0104573
SG10,51.843,0.0660771
SG11,51.8769,0.0255135
SG12,51.8126,-0.0182451
SG13,51.79,-0.0720233
SG14,51.8058,-0.0910659
SG15,52.0117,-0.262415
SG16,52.0133,-0.299537
SG17,52.0348,-0.334654
SG18,52.0827,-0.264039
SG19,52.1381,-0.247211
SK1,53.4082,-2.15397
SK2,53.3964,-2.13789
SK3,53.4001,-2.17063
SK4,53.4173,-2.17851
SK5,53.4322,-2.15385
SK6,53.4058,-2.08172
SK7,53.3683,-2.14494
SK8,53.3813,-2.20895
SK9,53.327,-2.23091
SK10,53.2736,-2.12996
SK11,53.2476,-2.14254
SK12,53.3501,-2.01795
SK13,53.4476,-1.96352
SK14,53.453,-2.04711
SK15,53.4865,-2.0504
SK16,53.4728,-2.08238
SK17,53.2471,-1.88482
SK22,53.3739,-1.99312
SK23,53.3281,-1.94675
SL0,51.5227,-0.516458
SL1,51.516,-0.614321
SL2,51.5328,-0.602854
SL3,51.5006,-0.558075
SL4,51.4768,-0.623771
SL5,51.4048,-0.661888
SL6,51.5229,-0.726461
SL7,51.5744,-0.7778
SL8,51.5778,-0.708869
SL9,51.5955,-0.555486
SL60,51.5186,-0.714776
SL95,51.4991,-0.538775
SM1,51.3646,-0.193042
SM2,51.3532,-0.197806
SM3,51.3699,-0.214277
SM4,51.393,-0.200173
SM5,51.3666,-0.165382
SM6,51.3611,-0.146591
SM7,51.3228,-0.201991
SN1,51.5564,-1.77657
SN2,51.5792,-1.77758
SN3,51.5598,-1.74259
SN4,51.5317,-1.84519
SN5,51.5676,-1.83891
SN6,51.6151,-1.74452
SN7,51.6501,-1.5666
SN8,51.4098,-1.69433
SN9,51.3289,-1.78294
SN10,51.3394,-1.98818
SN11,51.4395,-1.99991
SN12,51.3725,-2.13707
SN13,51.4263,-2.20779
SN14,51.4658,-2.19833
SN15,51.4708,-2.09283
SN16,51.5891,-2.08115
SN17,51.5462,-1.84257
SN25,51.595,-1.80368
SN26,51.6118,-1.7857
SN38,51.5599,-1.78932
SN99,51.5547,-1.74331
SO1,50.9232,-1.42822
SO2,50.9166,-1.3689
SO3,50.9025,-1.28164
SO4,50.8408,-1.4922
SO5,50.9808,-1.39826
SO9,50.9129,-1.40699
SO14,50.9078,-1.39662
SO15,50.9167,-1.42598
SO16,50.9345,-1.43306
SO17,50.926,-1.39739
SO18,50.9236,-1.36715
SO19,50.9027,-1.35742
SO20,51.1149,-1.50243
SO21,51.0732,-1.31477
SO22,51.0666,-1.33164
SO23,51.0673,-1.3055
SO24,51.0854,-1.15052
SO25,51.0676,-1.29733
SO30,50.9201,-1.30393
SO31,50.8704,-1.29474
SO32,50.9464,-1.21776
SO40,50.917,-1.50433
SO41,50.756,-1.56102
SO42,50.8062,-1.53873
SO43,50.889,-1.58218
SO45,50.8498,-1.39516
SO50,50.9707,-1.34615
SO51,50.9941,-1.50053
SO52,50.9776,-1.43672
SO53,50.9842,-1.38116
SO97,50.9485,-1.36195
SP1,51.0737,-1.79111
SP2,51.0725,-1.81905
SP3,51.0998,-2.00493
SP4,51.1618,-1.76693
SP5,51.0244,-1.77309
SP6,50.9352,-1.80122
SP7,51.0055,-2.1861
SP8,51.0368,-2.28852
SP9,51.2329,-1.66365
SP10,51.2106,-1.48325
SP11,51.2264,-1.51539
SR1,54.9069,-1.3816
SR2,54.8881,-1.37841
SR3,54.8772,-1.41607
SR4,54.9015,-1.42486
SR5,54.9216,-1.42212
SR6,54.934,-1.38073
SR7,54.8307,-1.36029
SR8,54.7665,-1.33662
SR9,54.9118,-1.40854
SR43,54.9102,-1.42556
SR88,54.7567,-1.33494
SS0,51.5458,0.691422
SS1,51.5394,0.724202
SS2,51.55,0.715751
SS3,51.5423,0.789722
SS4,51.5919,0.712205
SS5,51.607,0.648801
SS6,51.5879,0.605946
SS7,51.5631,0.577712
SS8,51.522,0.589402
SS9,51.5536,0.652206
SS11,51.6164,0.535002
SS12,51.6057,0.52093
SS13,51.5749,0.507581
SS14,51.5748,0.469883
SS15,51.5769,0.429103
SS16,51.5631,0.451812
SS17,51.5221,0.439765
SS22,51.5555,0.709413
SS99,51.5481,0.710788
ST1,53.0252,-2.17465
ST2,53.0272,-2.13719
ST3,52.9811,-2.12275
ST4,52.9978,-2.1835
ST5,53.015,-2.23947
ST6,53.0564,-2.1921
ST7,53.0881,-2.26739
ST8,53.1155,-2.16867
ST9,53.0498,-2.10363
ST10,52.9882,-1.96618
ST11,52.9667,-2.0672
ST12,52.9539,-2.1723
ST13,53.1015,-2.01996
ST14,52.9035,-1.86942
ST15,52.8984,-2.15144
ST16,52.8109,-2.12131
ST17,52.7896,-2.10097
ST18,52.8146,-2.08289
ST19,52.7162,-2.14528
ST20,52.7987,-2.25497
ST21,52.8689,-2.26298
ST55,53.0161,-2.25074
SW1A,51.502,-0.13386
SW1E,51.4968,-0.140132
SW1H,51.4977,-0.134393
SW1P,51.4889,-0.133489
SW1V,51.4907,-0.139425
SW1W,51.4932,-0.14767
SW1X,51.4975,-0.153395
SW1Y,51.5053,-0.13516
SW2,51.4509,-0.120677
SW3,51.4879,-0.164557
SW4,51.4615,-0.13722
SW5,51.4897,-0.18955
SW6,51.4774,-0.200341
SW7,51.4965,-0.176489
SW8,51.4767,-0.132643
SW9,51.4691,-0.11367
SW10,51.4838,-0.183018
SW11,51.4672,-0.163731
SW12,51.4462,-0.149921
SW13,51.4743,-0.2494
SW14,51.4666,-0.266639
SW15,51.458,-0.225658
SW16,51.4238,-0.12959
SW17,51.4304,-0.165257
SW18,51.4505,-0.191508
SW19,51.422,-0.205453
SW20,51.4125,-0.223882
SW95,51.4805,-0.136307
SW99,51.4724,-0.115648
SY1,52.7197,-2.74342
SY2,52.7054,-2.7305
SY3,52.7005,-2.77142
SY4,52.794,-2.75357
SY5,52.6556,-2.82765
SY6,52.5352,-2.79438
SY7,52.4265,-2.88144
SY8,52.3653,-2.6969
SY9,52.4961,-2.98262
SY10,52.8393,-3.10733
SY11,52.8675,-3.03098
SY12,52.9022,-2.89685
SY13,52.9533,-2.6887
SY14,53.028,-2.76297
SY15,52.5604,-3.13471
SY16,52.5198,-3.31243
SY17,52.517,-3.46175
SY18,52.4421,-3.54954
SY19,52.572,-3.59525
SY20,52.6132,-3.82095
SY21,52.6585,-3.19983
SY22,52.758,-3.18173
SY23,52.3854,-4.05508
SY24,52.4691,-4.0253
SY25,52.2372,-3.93593
SY99,52.7129,-2.74955
TA1,51.0164,-3.10561
TA2,51.033,-3.1014
TA3,50.9946,-3.04163
TA4,51.0704,-3.26247
TA5,51.1427,-3.09042
TA6,51.1258,-3.00106
TA7,51.1312,-2.91483
TA8,51.2439,-2.99486
TA9,51.2257,-2.95959
TA10,51.0339,-2.8266
TA11,51.0602,-2.71029
TA12,50.9742,-2.77233
TA13,50.9471,-2.81063
TA14,50.948,-2.75112
TA15,50.9514,-2.72213
TA16,50.9077,-2.79304
TA17,50.9083,-2.83599
TA18,50.8828,-2.78788
TA19,50.9341,-2.91572
TA20,50.8732,-2.96122
TA21,50.9778,-3.24124
TA22,51.0449,-3.54708
TA23,51.1651,-3.34891
TA24,51.1844,-3.50674
TD1,55.6226,-2.81074
TD2,55.7305,-2.7547
TD3,55.7024,-2.57348
TD4,55.6405,-2.67384
TD5,55.5895,-2.41915
TD6,55.5831,-2.69613
TD7,55.5378,-2.86923
TD8,55.476,-2.54354
TD9,55.3995,-2.77775
TD10,55.7163,-2.44198
TD11,55.7866,-2.31486
TD12,55.6529,-2.24192
TD13,55.9363,-2.38348
TD14,55.8671,-2.12246
TD15,55.751,-2.01342
TF1,52.7033,-2.50113
TF2,52.6955,-2.4403
TF3,52.6663,-2.44764
TF4,52.6612,-2.46993
TF5,52.7151,-2.53682
TF6,52.7335,-2.55526
TF7,52.6396,-2.44701
TF8,52.6304,-2.47907
TF9,52.8983,-2.47223
TF10,52.7686,-2.38619
TF11,52.6639,-2.36415
TF12,52.613,-2.48077
TF13,52.582,-2.57744
TN1,51.1369,0.268058
TN2,51.1267,0.267986
TN3,51.1245,0.250412
TN4,51.1469,0.258352
TN5,51.0679,0.358207
TN6,51.0539,0.171684
TN7,51.0914,0.110317
TN8,51.1954,0.0758997
TN9,51.1911,0.278882
TN10,51.2102,0.284286
TN11,51.2059,0.267275
TN12,51.1729,0.4384
TN13,51.2748,0.186329
TN14,51.2951,0.163049
TN15,51.2991,0.267834
TN16,51.2973,0.0483177
TN17,51.0953,0.537768
TN18,51.0453,0.524309
TN19,51.0044,0.413422
TN20,51.0307,0.253914
TN21,50.9605,0.260935
TN22,50.9798,0.0973194
TN23,51.1407,0.860471
TN24,51.1498,0.885534
TN25,51.1415,0.933306
TN26,51.1006,0.805117
TN27,51.1663,0.708033
TN28,50.9838,0.948766
TN29,50.9929,0.93274
TN30,51.0644,0.695002
TN31,50.9603,0.696166
TN32,50.9788,0.488214
TN33,50.9118,0.476154
TN34,50.8629,0.579844
TN35,50.8804,0.609517
TN36,50.9217,0.701674
TN37,50.871,0.556315
TN38,50.8652,0.544723
TN39,50.8461,0.453489
TN40,50.8443,0.480579
TQ1,50.4738,-3.52807
TQ2,50.4758,-3.54476
TQ3,50.4434,-3.57472
TQ4,50.4254,-3.57204
TQ5,50.3922,-3.52225
TQ6,50.3476,-3.59126
TQ7,50.2828,-3.78437
TQ8,50.2403,-3.77217
TQ9,50.4202,-3.69045
TQ10,50.4243,-3.81782
TQ11,50.4806,-3.78039
TQ12,50.5298,-3.61063
TQ13,50.5912,-3.71147
TQ14,50.5499,-3.5065
TR1,50.2614,-5.0531
TR2,50.2546,-4.956
TR3,50.2205,-5.10795
TR4,50.2845,-5.13195
TR5,50.3072,-5.18791
TR6,50.3426,-5.1531
TR7,50.4138,-5.07611
TR8,50.4016,-5.04181
TR9,50.414,-4.94147
TR10,50.1663,-5.11821
TR11,50.1506,-5.08817
TR12,50.0442,-5.18447
TR13,50.1092,-5.28569
TR14,50.2115,-5.29614
TR15,50.2331,-5.2372
TR16,50.2334,-5.22232
TR17,50.1253,-5.47045
TR18,50.118,-5.5416
TR19,50.1018,-5.6268
TR20,50.1312,-5.4916
TR21,49.9477,-6.18966
TR22,49.8936,-6.34205
TR23,49.9539,-6.35269
TR24,49.9555,-6.33572
TR25,49.9634,-6.29111
TR26,50.2028,-5.47998
TR27,50.1827,-5.4075
TR93,50.1294,-5.5028
TS1,54.5732,-1.23976
TS2,54.5834,-1.23746
TS3,54.5619,-1.19851
TS4,54.5571,-1.22358
TS5,54.552,-1.25219
TS6,54.5674,-1.15619
TS7,54.533,-1.18636
TS8,54.5217,-1.23072
TS9,54.4691,-1.16859
TS10,54.6055,-1.07244
TS11,54.588,-1.03381
TS12,54.5635,-0.967342
TS13,54.5506,-0.858624
TS14,54.5323,-1.06188
TS15,54.4929,-1.33315
TS16,54.526,-1.35464
TS17,54.5387,-1.30499
TS18,54.5624,-1.32162
TS19,54.5761,-1.33849
TS20,54.5855,-1.31445
TS21,54.6223,-1.42094
TS22,54.6231,-1.32482
TS23,54.6065,-1.28696
TS24,54.6934,-1.21078
TS25,54.6634,-1.22401
TS26,54.6884,-1.2311
TS27,54.7218,-1.28665
TS28,54.7258,-1.37481
TS29,54.7111,-1.42005
TS90,54.5759,-1.24496
TW1,51.4511,-0.328033
TW2,51.4471,-0.350037
TW3,51.4687,-0.363351
TW4,51.4669,-0.38446
TW5,51.4803,-0.38153
TW6,51.4685,-0.450959
TW7,51.475,-0.331539
TW8,51.486,-0.307971
TW9,51.4671,-0.297178
TW10,51.4515,-0.302812
TW11,51.4268,-0.33259
TW12,51.421,-0.369462
TW13,51.4392,-0.403506
TW14,51.4522,-0.42
TW15,51.4304,-0.455781
TW16,51.4165,-0.417565
TW17,51.3975,-0.448012
TW18,51.4293,-0.510933
TW19,51.4521,-0.505296
TW20,51.4282,-0.548513
UB1,51.5122,-0.376743
UB2,51.5007,-0.380204
UB3,51.5049,-0.421378
UB4,51.5232,-0.408614
UB5,51.5444,-0.374565
UB6,51.5403,-0.344116
UB7,51.507,-0.471325
UB8,51.5371,-0.478822
UB9,51.58,-0.491671
UB10,51.5472,-0.455639
UB11,51.5156,-0.453435
UB18,51.5007,-0.402664
W1A,51.5187,-0.130704
W1B,51.5141,-0.14064
W1C,51.5144,-0.149413
W1D,51.5136,-0.1329
W1F,51.5135,-0.136469
W1G,51.5191,-0.148007
W1H,51.5174,-0.159498
W1J,51.508,-0.144891
W1K,51.5112,-0.150838
W1M,51.5182,-0.150572
W1N,51.5187,-0.143688
W1P,51.5198,-0.137587
W1R,51.5129,-0.141041
W1S,51.5113,-0.142331
W1T,51.5201,-0.136453
W1U,51.5186,-0.153378
W1V,51.5124,-0.135849
W1W,51.5191,-0.140931
W1X,51.5095,-0.144345
W1Y,51.5101,-0.149823
W2,51.5142,-0.189938
W3,51.5085,-0.270109
W4,51.4914,-0.263554
W5,51.5122,-0.304002
W6,51.4925,-0.231115
W7,51.5097,-0.335054
W8,51.5004,-0.195413
W9,51.5231,-0.194136
W10,51.5201,-0.22419
W11,51.5128,-0.219606
W12,51.5095,-0.240068
W13,51.5131,-0.321414
W14,51.4954,-0.211166
WA1,53.3924,-2.58084
WA2,53.4085,-2.58369
WA3,53.4522,-2.54829
WA4,53.3703,-2.58206
WA5,53.3999,-2.63274
WA6,53.2757,-2.7243
WA7,53.3304,-2.70292
WA8,53.3725,-2.73926
WA9,53.4371,-2.72001
WA10,53.4537,-2.75268
WA11,53.4773,-2.71963
WA12,53.4534,-2.63427
WA13,53.3825,-2.46575
WA14,53.3875,-2.35682
WA15,53.3844,-2.32909
WA16,53.3046,-2.37107
WA55,53.3916,-2.60886
WA88,53.368,-2.76867
WC1A,51.5197,-0.121777
WC1B,51.519,-0.126502
WC1E,51.5207,-0.132391
WC1H,51.5248,-0.126293
WC1N,51.522,-0.120602
WC1R,51.5192,-0.116958
WC1V,51.5177,-0.118137
WC1X,51.5244,-0.117142
WC2A,51.5161,-0.115366
WC2B,51.515,-0.120927
WC2E,51.5125,-0.123792
WC2H,51.5137,-0.127664
WC2N,51.5098,-0.125309
WC2R,51.5122,-0.118357
WC99,51.514,-0.124582
WD1,51.6487,-0.401633
WD2,51.6675,-0.378702
WD3,51.6435,-0.482852
WD4,51.7058,-0.453733
WD5,51.7033,-0.422659
WD6,51.6567,-0.27651
WD7,51.6859,-0.312638
WD17,51.6608,-0.406925
WD18,51.6475,-0.419378
WD19,51.6325,-0.393585
WD23,51.6453,-0.36637
WD24,51.6697,-0.401101
WD25,51.6821,-0.391868
WD99,51.6488,-0.422082
WF1,53.6839,-1.4985
WF2,53.6732,-1.51207
WF3,53.7209,-1.52256
WF4,53.649,-1.51797
WF5,53.6807,-1.57688
WF6,53.7015,-1.41383
WF7,53.6672,-1.35115
WF8,53.6875,-1.30168
WF9,53.6063,-1.32107
WF10,53.7233,-1.35075
WF11,53.7105,-1.25902
WF12,53.6842,-1.6221
WF13,53.6918,-1.64409
WF14,53.6805,-1.69111
WF15,53.7083,-1.69912
WF16,53.7096,-1.66841
WF17,53.7175,-1.6398
WF90,53.6726,-1.50288
WN1,53.551,-2.63016
WN2,53.5363,-2.58483
WN3,53.5307,-2.645
WN4,53.4974,-2.64342
WN5,53.5326,-2.68487
WN6,53.5735,-2.6693
WN7,53.4973,-2.51815
WN8,53.5523,-2.77204
WR1,52.1973,-2.21752
WR2,52.1915,-2.24139
WR3,52.2162,-2.21034
WR4,52.2039,-2.19269
WR5,52.1795,-2.20015
WR6,52.2299,-2.36125
WR7,52.1974,-2.06423
WR8,52.09,-2.20212
WR9,52.2682,-2.15752
WR10,52.1174,-2.06793
WR11,52.0949,-1.93013
WR12,52.047,-1.87935
WR13,52.0952,-2.34148
WR14,52.1134,-2.32239
WR15,52.3064,-2.57357
WR78,52.2018,-2.21145
WR99,52.1974,-2.21994
WS1,52.5818,-1.97973
WS2,52.5888,-2.00199
WS3,52.617,-1.99121
WS4,52.6043,-1.96116
WS5,52.5683,-1.96146
WS6,52.6573,-2.02265
WS7,52.6804,-1.91579
WS8,52.6429,-1.9367
WS9,52.6092,-1.91922
WS10,52.5603,-2.02333
WS11,52.6887,-2.01613
WS12,52.7031,-2.00287
WS13,52.6926,-1.8168
WS14,52.6704,-1.81348
WS15,52.7588,-1.91993
WV1,52.5868,-2.11826
WV2,52.5758,-2.11999
WV3,52.5808,-2.14829
WV4,52.5644,-2.1407
WV5,52.5333,-2.21097
WV6,52.5972,-2.17443
WV7,52.6343,-2.27651
WV8,52.6225,-2.18245
WV9,52.632,-2.14085
WV10,52.616,-2.11397
WV11,52.6099,-2.07154
WV12,52.6059,-2.04239
WV13,52.5857,-2.06263
WV14,52.5584,-2.0779
WV15,52.5169,-2.3798
WV16,52.516,-2.43688
WV98,52.4063,-2.2196
WV99,52.6714,-2.42029
YO1,53.9582,-1.0719
YO2,53.9484,-1.12165
YO3,53.9917,-1.07341
YO4,53.9082,-0.829521
YO5,54.018,-1.31572
YO6,54.1544,-1.08036
YO7,54.2237,-1.35137
YO8,53.7853,-1.05683
YO10,53.9513,-1.06048
YO11,54.2685,-0.398412
YO12,54.2742,-0.422341
YO13,54.2869,-0.491901
YO14,54.1999,-0.298809
YO15,54.0913,-0.182969
YO16,54.0962,-0.199366
YO17,54.1394,-0.772466
YO18,54.2555,-0.766948
YO19,53.9114,-1.02613
YO21,54.4779,-0.700704
YO22,54.4529,-0.620883
YO23,53.9277,-1.11965
YO24,53.9474,-1.11438
YO25,54.0142,-0.419779
YO26,53.975,-1.17
YO30,53.984,-1.11095
YO31,53.9706,-1.06592
YO32,54.0089,-1.06038
YO41,53.9694,-0.910196
YO42,53.9248,-0.788496
YO43,53.8509,-0.684557
YO51,54.0878,-1.38874
YO60,54.0846,-0.948122
YO61,54.1196,-1.1997
YO62,54.2445,-0.994617
YO90,53.96,-1.09096
YO91,53.9779,-1.06636
YO95,53.9267,-0.815113
ZE1,60.1516,-1.16879
ZE2,60.3062,-1.22822
ZE3,59.8832,-1.30452
